{"25 TOWN CENTRE CRT": {"latitude": 43.77336, "longitude": -79.25455952882635}, "7 MABELLE AVE": {"latitude": 43.6462777, "longitude": -79.52544554843865}, "1 ROXBOROUGH ST E": {"latitude": 43.6794907, "longitude": -79.3815295}, "197 BLANTYRE AVE": {"latitude": 43.6816373, "longitude": -79.2813678}, "292 ADELAIDE ST W": {"latitude": 43.647826, "longitude": -79.390834}, "255 RANEE AVE": {"latitude": 43.7217067, "longitude": -79.4562471}, "101 CHARLES ST E": {"latitude": 43.669787, "longitude": -79.380288}, "25 MABELLE AVE": {"latitude": 42.43333115, "longitude": -71.0963969830392}, "30 ADELAIDE ST E": {"latitude": 43.650799, "longitude": -79.377138}, "180 SUDBURY ST": {"latitude": 43.6419267, "longitude": -79.4251973201192}, "35 VIKING LANE": {"latitude": 43.63819855, "longitude": -79.53625105}, "275 SHUTER ST": {"latitude": 43.65554255, "longitude": -79.36800833135393}, "25 MUTUAL ST": {"latitude": 43.6540308, "longitude": -79.3743148}, "126 SIMCOE ST": {"latitude": 43.6491263, "longitude": -79.386993}, "25 PARKWAY FOREST DR": {"latitude": 43.7692285, "longitude": -79.34164913297874}, "77 GRENVILLE ST": {"latitude": 43.6611376, "longitude": -79.38704320941247}, "5 GRENVILLE ST": {"latitude": -41.2206438, "longitude": 174.9135763}, "77 SHUTER ST": {"latitude": 43.9477303, "longitude": -78.285863841604}, "125 PARKWAY FOREST DR": {"latitude": 43.77538115, "longitude": -79.34238517193513}, "500 UNIVERSITY AVE": {"latitude": 43.1576969, "longitude": -77.58829157560066}, "15 MERCHANTS' WHARF": {"latitude": 54.9654729, "longitude": -1.5748966}, "550 UNIVERSITY AVE": {"latitude": 40.15720235, "longitude": -76.99110370427414}, "120 BREMNER BLVD": {"latitude": 43.6429936, "longitude": -79.3829397}, "333 SIDNEY BELSEY CRES": {"latitude": 43.6919736, "longitude": -79.5087182}, "20 PALACE ST": {"latitude": 51.28130995, "longitude": 1.0814111114721632}, "111 CHESTNUT ST": {"latitude": 42.566716299999996, "longitude": -71.08432230977414}, "585 UNIVERSITY AVE": {"latitude": 43.657721, "longitude": -79.38923}, "270 THE KINGSWAY": {"latitude": 43.6619026, "longitude": -79.5201115}, "1090 DON MILLS RD": {"latitude": 43.734442, "longitude": -79.3430102}, "35 BASTION ST": {"latitude": 35.86970016956522, "longitude": 14.521246408695651}, "1000 FINCH AVE W": {"latitude": 43.7689352, "longitude": -79.4690715}, "50 BRUYERES MEWS": {"latitude": 43.63769415, "longitude": -79.40212594562183}, "56 TEMPERANCE ST": {"latitude": 43.650509, "longitude": -79.381733}, "55 FOREST MANOR RD": {"latitude": 43.77218437251269, "longitude": -79.34436795259751}, "2275 BAYVIEW AVE": {"latitude": 43.7301697, "longitude": -79.3812726}, "128 CUMBERLAND ST": {"latitude": 44.807585, "longitude": -68.7681152600773}, "50 PORTLAND ST": {"latitude": 52.6238798, "longitude": 1.2747743697321523}, "375 BLEECKER ST": {"latitude": 43.6706177, "longitude": -79.37468170845808}, "15 PRICE STREET": {"latitude": -33.807203, "longitude": 151.106958}, "90 STADIUM RD": {"latitude": 43.6350565, "longitude": -79.4014216}, "78 HARRISON GARDEN BLVD": {"latitude": 43.7560211, "longitude": -79.40718308064227}, "2 BERTI ST": {"latitude": 43.6523339, "longitude": -79.3764042}, "20 STEWART ST": {"latitude": 44.1006446, "longitude": -70.1815453}, "30 DENTON AVE": {"latitude": 40.6447656, "longitude": -73.66294615020749}, "1 FRONT ST W": {"latitude": 45.2964495, "longitude": -74.6248994}, "74 FRASER AVE": {"latitude": 40.682031499999994, "longitude": -73.567488}, "234 ALBION RD": {"latitude": 43.7211485, "longitude": -79.54415913392857}, "23 HOLLYWOOD AVE": {"latitude": 44.4911263, "longitude": -73.486817}, "850 COXWELL AVE": {"latitude": 43.691216999999995, "longitude": -79.32840126791388}, "65 EMMETT AVE": {"latitude": 42.2500862, "longitude": -71.15215330137255}, "45 OVERLEA BLVD": {"latitude": 43.70565595, "longitude": -79.34613324230222}, "123 MUTUAL ST": {"latitude": 43.658013272727274, "longitude": -79.37602281818182}, "9 EMERSON AVE": {"latitude": 53.2629131, "longitude": -9.075815904199999}, "15 DEVONSHIRE PL": {"latitude": 51.522589350000004, "longitude": -0.14990521192529926}, "525 WILSON AVE": {"latitude": 40.73202665, "longitude": -111.87596586384691}, "60 MURRAY ST": {"latitude": 51.544108800000004, "longitude": -0.1338697386297326}, "100 QUEEN ST W": {"latitude": -40.6175791, "longitude": 175.2771902}, "29 IRWIN AVE": {"latitude": 52.392694750000004, "longitude": -1.998236849999999}, "31 GERRARD ST E": {"latitude": 43.6593238, "longitude": -79.37971458868209}, "36 LEE CENTRE DR": {"latitude": 43.7816245, "longitude": -79.24737616826923}, "110 CHARLES ST E": {"latitude": 43.6701236, "longitude": -79.38033042539504}, "3091 DUFFERIN ST": {"latitude": 43.71477477142857, "longitude": -79.45470527142857}, "1155 KING ST W": {"latitude": 44.22086325172071, "longitude": -76.54182197782829}, "10 HARLANDALE AVE.": {"latitude": 43.76238, "longitude": -79.4113993}, "21 ST JOSEPH ST": {"latitude": 10.274905, "longitude": -61.453816}, "3555 DON MILLS RD": {"latitude": 43.7944993, "longitude": -79.3531492}, "55 ERSKINE AVE": {"latitude": 43.711276999999995, "longitude": -79.39678136660126}, "100 CUMBERLAND ST": {"latitude": 40.7987389, "longitude": -72.8469057}, "30 DUNCAN ST": {"latitude": 10.651048, "longitude": -61.505141}, "15 LEGION RD": {"latitude": 41.5734133, "longitude": -73.4021451}, "200 QUEENS QUAY EAST": {"latitude": 43.6464049, "longitude": -79.3626435}, "820 YONGE ST": {"latitude": 43.670693400000005, "longitude": -79.38833463523267}, "45 LISGAR ST": {"latitude": 43.641997950000004, "longitude": -79.42280731571844}, "58 MARINE PARADE DR": {"latitude": 43.6271571, "longitude": -79.476928}, "39 ANNIE CRAIG DR": {"latitude": 43.6254684, "longitude": -79.4784276}, "250 FRONT ST E": {"latitude": 43.651391, "longitude": -79.363879}, "33 HILLSDALE AVE W": {"latitude": 43.702995, "longitude": -79.398633}, "80 WESTERN BATTERY RD": {"latitude": 43.6392733, "longitude": -79.4143231}, "3 GRAND TRUNK CRES": {"latitude": 43.6416809, "longitude": -79.3830414}, "390 MORNINGSIDE AVE": {"latitude": 40.63367381818181, "longitude": -74.26954790909092}, "5500 YONGE ST": {"latitude": 43.778018450000005, "longitude": -79.41564802287144}, "77 KING ST W": {"latitude": 43.6480332, "longitude": -79.38166}, "7 NORTON AVE": {"latitude": 42.4162556, "longitude": -71.1235837194362}, "88 MUTUAL ST": {"latitude": 43.65623985185186, "longitude": -79.37554555555556}, "118 YORKVILLE AVE": {"latitude": 43.670891850000004, "longitude": -79.39366828808289}, "90 SHEPPARD AVE E": {"latitude": 43.763195249999995, "longitude": -79.40662627620446}, "830 LAWRENCE AVE W": {"latitude": 43.7147759, "longitude": -79.4544851}, "39 POLSON ST": {"latitude": -39.9388596, "longitude": 174.9907052}, "108 MUTUAL ST": {"latitude": 43.657252, "longitude": -79.375963}, "1873 BLOOR ST W": {"latitude": 43.668732, "longitude": -79.3939727}, "120 MAITLAND ST": {"latitude": 43.66532925, "longitude": -79.37860945381635}, "5000 JANE ST": {"latitude": 43.7736959, "longitude": -79.52239733548959}, "308 ADELAIDE ST W": {"latitude": 43.64770866666667, "longitude": -79.39138155555555}, "20 GROSVENOR ST": {"latitude": -33.711494, "longitude": 151.121194}, "33 BAY ST": {"latitude": 43.642563300000006, "longitude": -79.37720998730094}, "20 GRAYDON HALL DR": {"latitude": 43.763524000000004, "longitude": -79.34603598214285}, "38 THE ESPLANADE": {"latitude": -37.633898, "longitude": 176.0485328}, "1171 QUEEN ST W": {"latitude": 43.642622, "longitude": -79.4259892}, "15 BRUYERES MEWS": {"latitude": 43.6373046, "longitude": -79.4004642}, "12 YORK ST": {"latitude": -33.88127465, "longitude": 151.1824032574885}}