{"132 RONCESVALLES AVE": {"latitude": 43.64322275, "longitude": -79.44816389532774}, "8 CROWN HILL PL": {"latitude": 43.63902745, "longitude": -79.4911076525496}, "1050 ELLESMERE RD": {"latitude": 43.7677947, "longitude": -79.2729093}, "33 SHINING STAR CRES": {"latitude": 43.69228344421192, "longitude": -79.50570421964345}, "251 MACPHERSON AVE.": {"latitude": 43.6775788, "longitude": -79.3999915}, "238 QUEEN ST W": {"latitude": 43.25837116666666, "longitude": -81.15061684814815}, "55 TEMPERANCE ST": {"latitude": 43.5623262875, "longitude": -80.926516675}, "589 QUEEN ST W": {"latitude": 43.25719035081967, "longitude": -81.16428467377048}, "77 MCGILL ST": {"latitude": 44.0959237, "longitude": -77.5802355}, "227 SPADINA AVE": {"latitude": 43.6511507, "longitude": -79.3970246}, "1735 KIPLING AVE": {"latitude": 43.6933838, "longitude": -79.5571281}, "135 BREMNER BLVD": {"latitude": 43.6422962, "longitude": -79.3835389}, "105 THE ESPLANADE": {"latitude": 43.647476, "longitude": -79.372634}, "268 RHODES AVE.": {"latitude": 43.6721088, "longitude": -79.320285}, "1001 BAY ST": {"latitude": 32.431474, "longitude": -80.67316131661062}, "4190 FINCH AVE E": {"latitude": 43.8041289, "longitude": -79.2869798}, "180 QUEEN ST W": {"latitude": 43.9789439, "longitude": -80.7344329}, "200 WELLINGTON ST W": {"latitude": 43.3519041, "longitude": -81.4900439}, "396 DUNDAS ST W": {"latitude": 44.23487466955091, "longitude": -76.96978854125402}, "191 ST GEORGE ST": {"latitude": 43.159824, "longitude": -80.28007}, "108 REDPATH AVE": {"latitude": 43.707721, "longitude": -79.392878}, "110 MONARCH PARK AVE": {"latitude": 43.6823926, "longitude": -79.3272118}, "96 DENISON AVE": {"latitude": 43.65137755000001, "longitude": -79.40282792170248}, "1179 QUEEN ST W": {"latitude": 43.66250278633226, "longitude": -79.78568929191815}, "925 BLOOR ST W": {"latitude": 43.87240143333334, "longitude": -78.88948193333334}, "3560 ST CLAIR AVE E": {"latitude": 43.7167037, "longitude": -79.2611166}, "4256 BATHURST ST": {"latitude": 43.7513218, "longitude": -79.4376594}, "42 HARBORD ST": {"latitude": -33.8348093, "longitude": 151.0219417}, "816 LANSDOWNE AVE": {"latitude": 43.6662694, "longitude": -79.4464594}, "548 KING ST W": {"latitude": 43.6449431, "longitude": -79.398397}, "650 SHEPPARD AVE E": {"latitude": 43.7701466, "longitude": -79.3719628}, "35 PARK HOME AVE": {"latitude": 43.76818285, "longitude": -79.41554601243007}, "228 DANFORTH AVE": {"latitude": 43.6769751943446, "longitude": -79.35555934490442}, "707 ST CLAIR AVE W": {"latitude": 43.681197100000006, "longitude": -79.42661569545454}, "5 TANGREEN CRT": {"latitude": 43.796216, "longitude": -79.42532633892384}, "625 FINCH AVENUE WEST": {"latitude": 43.7712798, "longitude": -79.4548642}, "41 EARL ST": {"latitude": 43.668616, "longitude": -79.375521}, "155 BALLIOL ST": {"latitude": 43.69795725, "longitude": -79.3921112511738}, "67 SHUTER ST": {"latitude": 44.0970888, "longitude": -77.5794541}, "75 MUNRO ST": {"latitude": -27.4953576, "longitude": 153.00552829999998}, "260 CHESTER LE BLVD": {"latitude": 43.7992672, "longitude": -79.3324872}, "19 ROSEBANK DR": {"latitude": 43.7914671, "longitude": -79.237549}, "151 BLOOR ST W": {"latitude": 43.668609849999996, "longitude": -79.39314050966684}, "1 THE ESPLANADE": {"latitude": 51.80424845, "longitude": 1.2034641420364935}, "66 FIFTEENTH ST": {"latitude": 43.6014986, "longitude": -79.5151634}, "12 ANGLESEY BLVD": {"latitude": 43.6655126, "longitude": -79.5210023771878}, "2013 LAWRENCE AVE W": {"latitude": 43.7010543, "longitude": -79.5118623}, "2900 WARDEN AVE": {"latitude": 43.798447, "longitude": -79.31833372652581}, "280 QUEEN ST W": {"latitude": 43.258294866666674, "longitude": -81.15134655925925}, "435 QUEEN ST W": {"latitude": 43.978615, "longitude": -80.7394896}, "260 AUGUSTA AVE": {"latitude": 43.6563258, "longitude": -79.40293706666667}, "2451 DANFORTH AVE": {"latitude": 43.687317, "longitude": -79.30387783219513}, "35 CANYON AVE": {"latitude": 43.757983100000004, "longitude": -79.43692176984774}, "280 WELLESLEY ST E": {"latitude": 43.66852215, "longitude": -79.37050363427083}, "3561 EGLINTON AVE W": {"latitude": 43.68584065, "longitude": -79.4925913566949}, "1609 EGLINTON AVE W": {"latitude": 43.572396429975825, "longitude": -79.691578693729}, "244 GEORGE ST": {"latitude": 41.5497861, "longitude": -72.6873559}, "126 CUMBERLAND ST": {"latitude": 39.91890205, "longitude": -78.95315588024157}, "150 BEECROFT RD": {"latitude": 43.7662294, "longitude": -79.4155068}, "70 MORNELLE CRT": {"latitude": 43.786848500000005, "longitude": -79.19776189374655}, "3479 ST CLAIR AVE E": {"latitude": 43.7142899, "longitude": -79.26920836715195}, "12 BROOKERS LANE": {"latitude": 43.6268173, "longitude": -79.4781193}, "15 TOBERMORY DRIVE": {"latitude": 43.76008725, "longitude": -79.50774967030077}, "137 BREMNER BLVD": {"latitude": 43.6421888, "longitude": -79.3836179}, "215 VICTORIA ST": {"latitude": 57.21191075, "longitude": -2.187608057110877}, "155 QUEENS WHARF RD": {"latitude": 43.63996108336246, "longitude": -79.39924166983619}, "224 MAVETY ST": {"latitude": 43.665154019999996, "longitude": -79.46589824}, "56 WELLINGTON ST W": {"latitude": 42.4036858, "longitude": -82.1831439}, "60 MOUNTVIEW AVE": {"latitude": 43.6566907, "longitude": -79.46230850204451}, "260 RICHMOND ST W": {"latitude": 43.649242, "longitude": -79.390661}, "85 THORNCLIFFE PARK DR": {"latitude": 43.7071975, "longitude": -79.34122067605054}, "158 RONCESVALLES AVE": {"latitude": 43.6441624, "longitude": -79.4483991}, "105 ISABELLA ST": {"latitude": 43.668427, "longitude": -79.37995099339557}, "150 GRAYDON HALL DR": {"latitude": 43.765647, "longitude": -79.34292124999999}, "6 SHERWOOD AVENUE": {"latitude": 51.337281399999995, "longitude": 0.5260531507806868}, "1540 EGLINTON AVE W": {"latitude": 43.6976909, "longitude": -79.44156475}, "640 ROSELAWN AVE": {"latitude": 43.7061455, "longitude": -79.42357949080896}, "446 SPADINA RD": {"latitude": 43.6893094, "longitude": -79.41313720625}, "110 BLOOR ST W": {"latitude": 43.6696732, "longitude": -79.392085}, "4695 SHEPPARD AVE E": {"latitude": 43.7901278, "longitude": -79.2557954}, "2431 FINCH AVENUE WEST": {"latitude": 43.74950605, "longitude": -79.54819455959975}, "30 ST PATRICK ST": {"latitude": 43.6512784, "longitude": -79.3891188}, "1 KNIGHT ST": {"latitude": 52.8168971, "longitude": -0.1586463}, "705 PAPE AVE": {"latitude": 43.678668, "longitude": -79.3446071}, "401 LOGAN AVE": {"latitude": 36.22855633333333, "longitude": -115.13511566666666}, "29 QUEEN ST E": {"latitude": 45.103908, "longitude": -75.2291721}, "83 SCOLLARD ST": {"latitude": 43.671922796153844, "longitude": -79.39109223461539}, "199 AVENUE RD": {"latitude": 51.47518175, "longitude": 0.16556843597085594}, "258 THE ESPLANADE": {"latitude": 43.6498819, "longitude": -79.3640296}, "513 ST CLAIR AVE W": {"latitude": 43.6828619, "longitude": -79.4187602}, "123 GARRATT BLVD": {"latitude": 43.7338938, "longitude": -79.4697462}, "94 NORTHCLIFFE BLVD": {"latitude": 43.6778635, "longitude": -79.4407388}, "5453 YONGE ST": {"latitude": 44.214251052665155, "longitude": -79.58945351149379}, "232 DUPONT ST": {"latitude": 43.675443, "longitude": -79.4049856}, "71 THORNCLIFFE PARK DR": {"latitude": 43.704502000000005, "longitude": -79.3403051904762}, "462 WELLINGTON ST W": {"latitude": 46.52846650888889, "longitude": -84.3500429088889}, "19 IRWIN AVE": {"latitude": 52.3926447, "longitude": -1.99770205820866}, "30 CARRIER DRIVE": {"latitude": 43.7391901, "longitude": -79.605725}, "197 SPADINA AVE": {"latitude": 43.650386999999995, "longitude": -79.39652054999999}, "750 BLOOR ST W": {"latitude": 43.874006010992105, "longitude": -78.88317005513481}}