{"382 YONGE ST": {"latitude": 43.6596466, "longitude": -79.3826975}, "720 KING ST W": {"latitude": 43.6437347, "longitude": -79.4042468}, "151 VILLAGE GREEN SQ": {"latitude": 43.7785777, "longitude": -79.2813099647619}, "106 BEVERLEY ST": {"latitude": 43.6531545, "longitude": -79.39407356852476}, "215 MAVETY ST": {"latitude": 43.6648306, "longitude": -79.4655193}, "67 YONGE ST": {"latitude": 43.64874655, "longitude": -79.377421167623}, "10 WILLOWRIDGE ROAD": {"latitude": 40.9041377, "longitude": -73.56906445714284}, "250 DAVENPORT RD": {"latitude": 43.67485775, "longitude": -79.39828685794072}, "3 EVERSON DR": {"latitude": 43.7572006, "longitude": -79.40566446265967}, "17 HAYDEN ST": {"latitude": 44.8290851, "longitude": -69.7805576}, "27 FRONT ST E": {"latitude": 43.6473546, "longitude": -79.37517401839337}, "123 FRONT ST W": {"latitude": 43.6449903, "longitude": -79.3829794}, "650 PARLIAMENT ST": {"latitude": 43.669584549999996, "longitude": -79.37066013708963}, "425 UNIVERSITY AVE": {"latitude": 42.19891015, "longitude": -71.15922384882845}, "100 ROWENA DR": {"latitude": 43.0403466, "longitude": -76.2565207}, "123 SUNNYSIDE AVE": {"latitude": 42.412170399999994, "longitude": -71.13352312780822}, "423 QUEEN ST W": {"latitude": -39.6371121, "longitude": 176.8401841}, "10 QUEENS QUAY W": {"latitude": 43.6419574, "longitude": -79.3758644}, "20 ST PATRICK ST": {"latitude": 43.650919650000006, "longitude": -79.38964989303136}, "185 QUEENS QUAY EAST": {"latitude": 43.64517821052632, "longitude": -79.36512284210527}, "30 BASEBALL PL": {"latitude": 43.6578515, "longitude": -79.35171810203096}, "44 ST JOSEPH ST": {"latitude": 43.665761, "longitude": -79.387565}, "110 PARKWAY FOREST DR": {"latitude": 43.7741034, "longitude": -79.34295590439024}, "415 WILLOWDALE AVE": {"latitude": 43.777308892307694, "longitude": -79.40510865384616}, "400 INDIAN RD": {"latitude": 45.09774026479367, "longitude": -63.63359869267266}, "132 CUMBERLAND ST": {"latitude": 27.2133722, "longitude": -81.3116412}, "220 VICTORIA ST": {"latitude": -37.7886393, "longitude": 175.2844965}, "63 OSSINGTON AVE": {"latitude": 45.3905909, "longitude": -75.68502463633921}, "2161 QUEEN ST E": {"latitude": 43.670078399999994, "longitude": -79.2985123500471}, "77 HUNTLEY ST": {"latitude": 43.6717574, "longitude": -79.3789505}, "120 SUBWAY CRESCENT": {"latitude": 43.6359577, "longitude": -79.5397004}, "111 ST CLAIR AVE W": {"latitude": 43.6865519, "longitude": -79.39942174060847}, "444 LUMSDEN AVE": {"latitude": 43.6957503, "longitude": -79.3025985}, "363 ADELAIDE ST WEST": {"latitude": 43.646532449999995, "longitude": -79.39466668075815}, "2800 KEELE ST": {"latitude": 43.728646, "longitude": -79.482723}, "43 GOLDWIN AVE": {"latitude": 43.6882045, "longitude": -79.5026049672619}, "3434 WESTON RD": {"latitude": 49.934385379299115, "longitude": -119.35890671065208}, "33 DAVISVILLE AVE": {"latitude": 43.6983964, "longitude": -79.3948269}, "2001 LAKESHORE BLVD W": {"latitude": 33.6158799, "longitude": -88.6614126}, "32 STEWART ST": {"latitude": 42.54100125, "longitude": -71.26721880240643}, "25 BEDFORD RD": {"latitude": 51.80128605, "longitude": 1.1819156034189846}, "120 PARLIAMENT ST": {"latitude": 45.02116735, "longitude": -75.64368305643112}, "44 CHARLES ST W": {"latitude": 43.6685425, "longitude": -79.3884381}, "6 TIPPETT RD": {"latitude": 35.24348796113902, "longitude": -83.36733393660458}, "1169 QUEEN ST W": {"latitude": 43.6426466, "longitude": -79.425873}, "185 SPADINA AVE": {"latitude": 43.6497297, "longitude": -79.3964515}, "111 RAGLAN AVE": {"latitude": 43.6866001, "longitude": -79.42066459330482}, "125 BOND ST": {"latitude": 40.68587815, "longitude": -73.98539804788732}, "545 LAKESHORE BLVD": {"latitude": 46.54771218792903, "longitude": -87.38019300109393}, "1675 LAKE SHORE BLVD. EAST": {"latitude": 30.2142744, "longitude": -89.7686663}, "3190 KINGSTON RD": {"latitude": 43.7301932, "longitude": -79.2270733}, "105 THE QUEENSWAY": {"latitude": 43.6310701, "longitude": -79.478876}, "1033 QUEEN ST W": {"latitude": 43.643882, "longitude": -79.4193357}, "130 ELIZABETH STREET": {"latitude": 40.7196786, "longitude": -73.9952254}, "955 QUEEN ST W": {"latitude": 43.6449643, "longitude": -79.4143228}, "59 HAYDEN ST": {"latitude": 43.6698886, "longitude": -79.3835891}, "55 EMMETT AVE": {"latitude": 41.63586515, "longitude": -70.99436817946297}, "108 CHESTNUT ST": {"latitude": 44.2030196, "longitude": -69.0613203}, "140 WINEVA AVE": {"latitude": 43.6710615, "longitude": -79.295982}, "83 REDPATH AVE": {"latitude": 43.70653715, "longitude": -79.39194116941869}, "19 FOUR WINDS DR": {"latitude": 41.650490149999996, "longitude": -73.86105134944881}, "31 TAPSCOTT RD": {"latitude": 43.8067765, "longitude": -79.22202589186507}, "200 DANFORTH AVE": {"latitude": 43.6768411, "longitude": -79.3562345}, "25 THE ESPLANADE": {"latitude": 43.64616265, "longitude": -79.3750991759562}, "22 YORKVILLE AVE": {"latitude": 43.67200735, "longitude": -79.38862315771121}, "3 MC ALPINE ST": {"latitude": 29.75764489719626, "longitude": -95.34575590654205}, "530 ADELAIDE ST W": {"latitude": 43.645596, "longitude": -79.401713}, "5 HAZELTON AVE": {"latitude": 43.888316, "longitude": -79.362017}, "608 RICHMOND ST W": {"latitude": 43.64673, "longitude": -79.4028545}, "730 ONTARIO ST": {"latitude": 43.670767850000004, "longitude": -79.3737474046606}, "70 CLEARVIEW HTS": {"latitude": 43.69280315, "longitude": -79.48162639925741}, "71 PRINCE ARTHUR AVE": {"latitude": 42.39453592222222, "longitude": -82.17879535555555}, "120 CUMBERLAND ST": {"latitude": 43.8055441, "longitude": -70.7882591}, "18 MAITLAND TER": {"latitude": 42.9538884, "longitude": -81.62071265}, "95 HIGH PARK AVE": {"latitude": 43.6570839, "longitude": -79.4665902}, "5 NORTHTOWN WAY": {"latitude": 43.7746566, "longitude": -79.4139369}, "200 SIR WILLIAM HEARST AVE": {"latitude": 43.7234478, "longitude": -79.4868565}, "150 EGLINTON AVE E": {"latitude": 43.707784, "longitude": -79.394165}, "255 MC CAUL ST": {"latitude": 8.1573776, "longitude": 125.1288064}, "77 OSSINGTON AVE": {"latitude": 45.3903323, "longitude": -75.68562905562769}, "21 VAUGHAN RD": {"latitude": 51.46739775, "longitude": -0.09808374101137987}, "1440 LAWRENCE AVE W": {"latitude": 43.7087078, "longitude": -79.4783067}, "66 FOREST MANOR RD": {"latitude": 39.825448603671205, "longitude": -75.91033944619535}, "17 ISABELLA ST": {"latitude": 45.8425868, "longitude": -79.3772998}, "1021 BIRCHMOUNT RD": {"latitude": 43.7328541, "longitude": -79.2786989}, "105 BOND ST": {"latitude": 35.980319449999996, "longitude": -78.90571674323746}, "190 JOHN ST": {"latitude": 43.007627, "longitude": -75.04363375}, "164 CUMBERLAND ST": {"latitude": 40.79316015, "longitude": -72.84649012290902}, "35 ERINDALE AVENUE": {"latitude": 43.6774573, "longitude": -79.3581847}, "151 ROEHAMPTON AVE": {"latitude": 43.708741810810814, "longitude": -79.39443232432433}, "31 ST JOSEPH ST": {"latitude": 10.275423, "longitude": -61.45368}, "290 ADELAIDE ST W": {"latitude": 43.647876, "longitude": -79.390598}, "113 BOND ST": {"latitude": 15.0855717, "longitude": 120.6347897}, "50 TRUDELLE ST": {"latitude": 43.740684, "longitude": -79.24061592803031}, "5005 DUNDAS ST W": {"latitude": 43.6461293, "longitude": -79.53061513583202}, "484 FRONT ST E": {"latitude": 43.6535147, "longitude": -79.3546424}, "40 GERRARD ST E": {"latitude": 43.6598344, "longitude": -79.38035645640073}, "1836 BLOOR ST W": {"latitude": 43.668732, "longitude": -79.3939727}, "56 WELLESLEY ST W": {"latitude": 43.6644628, "longitude": -79.3874085}, "150 MUTUAL ST": {"latitude": 43.658613, "longitude": -79.376532}}