{"2777 KIPLING AVE": {"latitude": 43.756021149999995, "longitude": -79.58721008860539}, "141 ROEHAMPTON AVE": {"latitude": 43.7085395, "longitude": -79.39424424659705}, "3 REAN DR": {"latitude": 43.76517415, "longitude": -79.38232060722677}, "3330 BLOOR STREET WEST": {"latitude": 43.668732, "longitude": -79.3939727}, "2170 BAYVIEW AVE": {"latitude": 39.747613428571434, "longitude": -74.11528228571429}, "270 WELLINGTON ST W": {"latitude": 43.3517752, "longitude": -81.4911939}, "50 CUMBERLAND ST": {"latitude": 40.696676350000004, "longitude": -73.97478618580163}, "511 THE WEST MALL": {"latitude": 43.650252800000004, "longitude": -79.56850713464722}, "145 LONG BRANCH AVE": {"latitude": 43.5967845, "longitude": -79.53448545}, "32 TROLLEY CRES": {"latitude": 43.65682015144822, "longitude": -79.35492426813576}, "1 MICHAEL POWER PL": {"latitude": 43.6438543, "longitude": -79.5291731}, "701 DON MILLS RD": {"latitude": 43.7083035, "longitude": -79.33272550000001}, "65 ST MARY ST": {"latitude": 51.1273633, "longitude": -3.005932525010167}, "25 FERRIER AVE": {"latitude": 43.67916211428572, "longitude": -79.34850488571429}, "400 WALMER RD": {"latitude": 43.68496415, "longitude": -79.41338641320166}, "7 BARTLETT AVE": {"latitude": 43.6609573, "longitude": -79.4330138}, "50 ANN O'REILLY RD": {"latitude": 43.7740543, "longitude": -79.3297294}, "290 QUEEN ST W": {"latitude": 43.2582767, "longitude": -81.1515203}, "560 FRONT ST W": {"latitude": 43.641625700000006, "longitude": -79.40030919615991}, "121 HUMBER BLVD": {"latitude": 43.678417249999995, "longitude": -79.4819295}, "20 VANAULEY ST": {"latitude": 43.648831666666666, "longitude": -79.39872749999999}, "123 EDWARD ST": {"latitude": 53.72678835, "longitude": -2.6661911119874073}, "65 COLONEL SAMUEL SMITH PARK DR": {"latitude": 43.593571, "longitude": -79.5153617}, "169 FORT YORK BLVD": {"latitude": 43.6382802, "longitude": -79.4011498}, "100 LOMBARD ST": {"latitude": 41.62331095, "longitude": -70.93204518089689}, "605 FINCH AVE W": {"latitude": 43.7713343, "longitude": -79.45270175504001}, "80 GOULD ST": {"latitude": 43.65866935, "longitude": -79.376927009298}, "1855 JANE ST": {"latitude": 43.708241400000006, "longitude": -79.50442643413331}, "411 QUEEN ST W": {"latitude": 43.25786755869565, "longitude": -81.15776052173914}, "20 COLLIER ST": {"latitude": 51.5943831, "longitude": -2.9890275941472044}, "388 CARLAW AVE": {"latitude": 43.6663562, "longitude": -79.3429711}, "400 UNIVERSITY AVE": {"latitude": 42.1978917, "longitude": -71.15507640000001}, "11 SELBY ST": {"latitude": 44.1881126, "longitude": -79.7036678}, "40 HELENDALE AVE": {"latitude": 43.709004642857145, "longitude": -79.39971214285714}, "160 TRANSIT RD": {"latitude": 43.1881594521889, "longitude": -78.69673205096757}, "1137 ROYAL YORK RD": {"latitude": -37.58071, "longitude": 143.7957374}, "1 JILLSON AVE": {"latitude": 43.6650022, "longitude": -79.486247}, "5 EVERSON DR": {"latitude": 43.75754475, "longitude": -79.40645346359439}, "99 ATLANTIC AVE": {"latitude": 40.69117545, "longitude": -73.99694265}, "3636 BATHURST ST": {"latitude": 43.73256505, "longitude": -79.4335991441926}, "1507 LAWRENCE AVE W": {"latitude": 43.7073942, "longitude": -79.4824294}, "25 LEONARD AVE": {"latitude": 44.694277, "longitude": -73.47345240572452}, "675 MANNING AVE": {"latitude": 43.6646961, "longitude": -79.4161042}, "637 LAKE SHORE BLVD W": {"latitude": 43.6351866, "longitude": -79.40201414581182}, "99 YORKVILLE AVE": {"latitude": 43.6708252, "longitude": -79.3920345}, "745 OSSINGTON AVE": {"latitude": 43.6625551, "longitude": -79.4257052}, "31 FOUR WINDS DR": {"latitude": 38.79592095, "longitude": -90.66117960886407}, "3101 WESTON RD": {"latitude": 43.7336024, "longitude": -79.5380049}, "151 REDPATH AVE": {"latitude": 43.7066999, "longitude": -79.3923333}, "45 BALLIOL ST": {"latitude": 43.6973848, "longitude": -79.3949215}, "3300 BLOOR ST W": {"latitude": 43.6452406, "longitude": -79.5232601}, "400 MCCOWAN RD": {"latitude": 43.7416606, "longitude": -79.2398811}, "17 ANNDALE DR": {"latitude": 43.7605126, "longitude": -79.4069332}, "33 MILL ST": {"latitude": 51.79852225, "longitude": 1.0701785500000007}, "33 COLLEGE ST": {"latitude": 52.90330375, "longitude": -1.2825215495406823}, "50 CHARLES ST E": {"latitude": 43.446905, "longitude": -80.48625372909483}, "2800 KEELE STREET": {"latitude": 43.728646, "longitude": -79.482723}, "2550 VICTORIA PARK AVE": {"latitude": 43.7750122, "longitude": -79.3231912}, "98 YORKVILLE AVE": {"latitude": 43.6710335, "longitude": -79.39215200000001}, "278 QUEEN ST W": {"latitude": 43.2582985, "longitude": -81.15131181111111}, "21 COLLEGE ST": {"latitude": 52.9029504, "longitude": -1.2823317699719694}, "1 GRENVIEW BLVD N": {"latitude": 43.6484331, "longitude": -79.5077093}, "77 HOWARD ST": {"latitude": 42.2322601, "longitude": -70.98058899083176}, "351 KEELE ST": {"latitude": 43.664679825, "longitude": -79.464056475}, "1675 LAKESHORE BLVD E": {"latitude": 41.636085, "longitude": -81.4771765}, "1800 SHEPPARD AVE E": {"latitude": 43.777758500000004, "longitude": -79.34429375180316}, "22 NORTHCOTE AVE": {"latitude": -33.7603653, "longitude": 151.161047}, "160 VANDERHOOF AVE": {"latitude": 43.7143306, "longitude": -79.3527684}, "33 WOOD ST": {"latitude": -27.461299, "longitude": 153.179736}, "155 TRANSWAY CRESCENT": {"latitude": 43.7314693, "longitude": -79.2656034}, "160 HORNER AVE": {"latitude": 43.610961, "longitude": -79.5160557}, "5 BROOKBANKS DR": {"latitude": 43.751231, "longitude": -79.3327405}, "200 DORA SPENCER RD": {"latitude": 43.691766, "longitude": -79.50501328789687}, "2240 LAKE SHORE BLVD W": {"latitude": 43.6212424, "longitude": -79.4830236}, "16 JOHN STREET": {"latitude": 44.7125553, "longitude": -79.640725}, "666 ONTARIO ST": {"latitude": 43.66947415, "longitude": -79.37327197745356}, "11 BOGERT AVE": {"latitude": 41.01937855, "longitude": -73.78097132465157}, "34 GLENDALE AVE": {"latitude": 53.73187765, "longitude": -2.682332892940547}, "275 BLEECKER ST": {"latitude": 43.6688327, "longitude": -79.3732767}, "550 BAYVIEW AVE": {"latitude": 42.261882774193545, "longitude": -81.92475435483871}, "415 DRIFTWOOD AVE": {"latitude": 43.767271699999995, "longitude": -79.5164082464382}, "88 YORKVILLE AVE": {"latitude": 43.6711946, "longitude": -79.3918021}, "34 HANNA AVE.": {"latitude": 46.70486869999999, "longitude": -80.91862935}, "38 LEE CENTRE DR": {"latitude": 43.78166, "longitude": -79.24754705620077}, "100 KING ST W": {"latitude": 43.257343, "longitude": -79.87019330413695}, "40 COLLEGE ST": {"latitude": 52.9833124, "longitude": -0.9633129704957504}, "5449 YONGE ST": {"latitude": 43.7772986, "longitude": -79.4145885}, "5140 YONGE ST": {"latitude": 44.1999963, "longitude": -79.5858028}, "150 CHARLES ST W": {"latitude": 43.667381, "longitude": -79.393381}, "100 ROEHAMPTON AVE": {"latitude": 43.009932, "longitude": -81.20432}, "2650 LAWRENCE AVE E": {"latitude": 43.752772, "longitude": -79.26362907846291}, "18 PANORAMA CRT": {"latitude": -36.6121723, "longitude": 174.6866821}, "37 HAZELTON AVE": {"latitude": 42.28521335, "longitude": -71.22005712618783}, "52 MCMURRICH ST": {"latitude": 43.674862, "longitude": -79.3904659}, "178 VICTORIA ST": {"latitude": 57.20951225, "longitude": -2.1877207566914967}, "485 WELLINGTON ST W": {"latitude": 43.64317, "longitude": -79.398377}, "255 CONSUMERS RD": {"latitude": 43.76984, "longitude": -79.3299552}, "19 BRANT ST": {"latitude": -27.314195, "longitude": 153.0401297}, "2 BEDFORD RD": {"latitude": 51.80037795, "longitude": 1.1801672702738926}, "1029 KING ST W": {"latitude": 43.6412085, "longitude": -79.415322}}