{"170 BAYVIEW AVE": {"latitude": 40.67484855, "longitude": -73.41044727086465}, "100 COOPERAGE ST.": {"latitude": 43.6533949, "longitude": -79.3571151}, "21 SCOLLARD ST": {"latitude": 43.67230445, "longitude": -79.38878495127824}, "78 HOLLY ST": {"latitude": 53.8348852, "longitude": -2.20479227953356}, "55 TOWN CENTRE CRT": {"latitude": 43.7740778, "longitude": -79.2537986}, "150 YORK ST": {"latitude": 52.2069983, "longitude": 0.1403829}, "1 BEDFORD RD": {"latitude": 51.8008107, "longitude": 1.1803624101858323}, "66 WELLINGTON ST W": {"latitude": 46.521637, "longitude": -84.341042}, "220 BLOOR ST W": {"latitude": 43.6686242, "longitude": -79.39627060235937}, "22 CUMBERLAND ST": {"latitude": 42.9313404, "longitude": -78.6621967}, "55 MERCHANTS' WHARF": {"latitude": 54.9654729, "longitude": -1.5748966}, "35 BRIDGMAN AVE": {"latitude": 43.6753026, "longitude": -79.4106439}, "38 DAN LECKIE WAY": {"latitude": 43.6376402, "longitude": -79.3982741}, "65 LILLIAN ST": {"latitude": 43.7060743, "longitude": -79.3932054131742}, "125 QUEENS WHARF RD": {"latitude": 43.639725350000006, "longitude": -79.3992435005793}, "40 FOUNTAINHEAD RD": {"latitude": 41.6986027, "longitude": -73.0294006}, "104 YORKVILLE AVE": {"latitude": 43.6709804375, "longitude": -79.392404375}, "21 WIDMER ST": {"latitude": 43.6066937, "longitude": -84.073493}, "85 GLENDALE AVE": {"latitude": 44.07956, "longitude": -70.2500078}, "103 WEST LODGE AVE": {"latitude": 43.64509375, "longitude": -79.43565059977385}, "160 MUTUAL ST": {"latitude": 43.65922885, "longitude": -79.37730020286855}, "1185 THE QUEENSWAY": {"latitude": 43.6236182, "longitude": -79.5147637}, "20 LOMOND DR": {"latitude": 55.7687988, "longitude": -3.9244853999999996}, "155 TRANSWAY CRES": {"latitude": 43.7314693, "longitude": -79.2656034}, "85 LEE AVE": {"latitude": 41.1698433, "longitude": -73.2056532}, "600 SHERBOURNE ST": {"latitude": 43.6715127, "longitude": -79.3766812}, "400 ADELAIDE ST E": {"latitude": 43.652682999999996, "longitude": -79.3676889261983}, "555 REXDALE BLVD": {"latitude": 43.71511525, "longitude": -79.60408946821192}, "1200 YORK MILLS RD": {"latitude": 43.759609, "longitude": -79.33505446106349}, "350 QUEENS QUAY W": {"latitude": 43.6385563, "longitude": -79.3889873}, "50 WILSON HEIGHTS BLVD.": {"latitude": 43.7507496, "longitude": -79.4559156}, "205 MCCAUL ST": {"latitude": 43.656826, "longitude": -79.392392}, "555 WILSON AVE": {"latitude": 43.7339383, "longitude": -79.449414}, "55 CENTRE AVE": {"latitude": 42.1180614, "longitude": -70.91850715150454}, "2 ARMEL COURT": {"latitude": 43.7217539, "longitude": -79.5455055}, "18 BEVERLEY ST": {"latitude": 43.65034285, "longitude": -79.39269695545845}, "720 QUEEN ST W": {"latitude": 43.6462666, "longitude": -79.4091549}, "140 YORKVILLE AVE": {"latitude": 43.67058323529412, "longitude": -79.39427270588236}, "205 HUMBER COLLEGE BLVD": {"latitude": 43.7299149, "longitude": -79.6049154}, "52 FOREST MANOR RD": {"latitude": 39.825280654070625, "longitude": -75.91039560618532}, "44 DUNFIELD AVE": {"latitude": 43.7056056, "longitude": -79.39519525}, "98 LILLIAN ST": {"latitude": 41.645426, "longitude": -71.465562}, "9 TEMPERANCE ST": {"latitude": 43.5648476, "longitude": -80.9245455}, "90 HOLLY ST": {"latitude": 43.706585, "longitude": -79.39682}, "955 LAKE SHORE BLVD W": {"latitude": 43.644176, "longitude": -79.3759959}, "488 UNIVERSITY AVE": {"latitude": 42.9654661, "longitude": -78.8285528}, "14 SHEPPARD ST": {"latitude": 43.650144, "longitude": -79.382463}, "26 WELLINGTON ST E": {"latitude": 44.6281642, "longitude": -75.9498327}, "1005 BRIMLEY RD": {"latitude": 43.7561458, "longitude": -79.2558525}, "800 FLEET ST": {"latitude": 43.00477145, "longitude": -81.22050520796864}, "124 EDWARD ST": {"latitude": 41.1369702, "longitude": -73.2431056}, "100 WESTERN BATTERY RD": {"latitude": 43.6391794, "longitude": -79.4155701}, "371 FRONT ST W": {"latitude": 44.292858706294055, "longitude": -77.56048856893587}, "246 BROOKE AVE": {"latitude": 43.73326115, "longitude": -79.41998685}, "1 DE BOERS DR": {"latitude": 43.751196500000006, "longitude": -79.46404527544189}, "70 FOREST MANOR RD": {"latitude": 43.7750174, "longitude": -79.3461257}, "12 WILLINGDON BLVD": {"latitude": 43.6484009, "longitude": -79.5103314}, "7 HAYDEN ST": {"latitude": -27.3680761, "longitude": 153.0871665}, "2901 BAYVIEW AVE": {"latitude": 40.6398478, "longitude": -73.6059281}, "255 HURON ST": {"latitude": 40.7335877, "longitude": -73.95072259492187}, "66 PACIFIC AVE": {"latitude": 43.6552195, "longitude": -79.46478217404034}, "35 HAYDEN ST": {"latitude": 43.6695584, "longitude": -79.3846569}, "70 YORK ST": {"latitude": 52.623329049999995, "longitude": 1.2805874996406068}, "25 GRENVILLE ST": {"latitude": -40.6183329, "longitude": 175.2707297}, "100 PRINCES' BLVD": {"latitude": 43.63535575, "longitude": -79.41323694897558}, "55 GERRARD ST W": {"latitude": 43.65841055, "longitude": -79.3842094}, "5 PARK HOME AVE": {"latitude": 43.7690451375, "longitude": -79.41327508124999}, "106 DOVERCOURT RD": {"latitude": 51.48505705, "longitude": -2.575960745200422}, "80 FOREST MANOR RD": {"latitude": 43.774918, "longitude": -79.34456206680731}, "6030 BATHURST ST": {"latitude": 43.7876807, "longitude": -79.4466247}, "215 SHERWAY GARDENS RD": {"latitude": 43.609339, "longitude": -79.5575604}, "5 BRIDGMAN AVE": {"latitude": 43.675251, "longitude": -79.4103642}, "20 THOMAS RILEY RD": {"latitude": 43.6341336, "longitude": -79.54083118397156}, "11 GRENVIEW BLVD": {"latitude": 43.6397311, "longitude": -79.504434}, "56 THE ESPLANADE": {"latitude": 50.6105347, "longitude": -2.4531953}, "2100 BLOOR ST W": {"latitude": 43.6524038, "longitude": -79.4711165}, "109 FRONT ST E": {"latitude": 43.6494176, "longitude": -79.3708295}, "295 ADELAIDE ST W": {"latitude": 43.6437172, "longitude": -79.4106054}, "209 VICTORIA ST": {"latitude": 57.21164055, "longitude": -2.1876269000000015}, "54 DALHOUSIE ST": {"latitude": 43.139414, "longitude": -80.2660657}, "52 MABELLE AVE": {"latitude": 43.646347000000006, "longitude": -79.52944892439618}, "400 MUNSTER AVENUE": {"latitude": 43.6370063, "longitude": -79.5344187}, "250 YONGE ST": {"latitude": 43.65442365, "longitude": -79.3805659439507}, "180 FAIRVIEW MALL DR": {"latitude": 43.7801472, "longitude": -79.3410629}, "35 HOLLYWOOD AVE": {"latitude": 41.7300435, "longitude": -72.7151642}, "3 LEONARD AVE": {"latitude": 41.812285450000005, "longitude": -71.055769979444}, "26 DUNCAN ST": {"latitude": 41.4653421, "longitude": -72.8175581}, "1 LEONARD AVE": {"latitude": 41.81292425, "longitude": -71.05587760073985}, "10 BELLAIR ST": {"latitude": 42.4712044, "longitude": -70.9543164}, "415 YONGE ST": {"latitude": 43.6596439, "longitude": -79.3821164}, "410 COLLEGE ST": {"latitude": 41.0255495, "longitude": -81.74087321511209}, "10 DELISLE AVE": {"latitude": 43.6891314, "longitude": -79.3953238}, "205 SHERWAY GARDENS RD": {"latitude": 43.6095757, "longitude": -79.5573689}, "35 FOUNTAINHEAD RD": {"latitude": 43.76114975, "longitude": -79.50370509999999}, "50 LOMBARD ST": {"latitude": 41.62190325, "longitude": -70.9324531562196}, "251 MACPHERSON AVE": {"latitude": 43.6775788, "longitude": -79.3999915}, "20 JAMES ST": {"latitude": 51.4389448, "longitude": 0.7717030000000002}, "17 BATHURST ST": {"latitude": -43.8833281, "longitude": 171.7394586}, "2737 KIPLING AVE": {"latitude": 43.753476, "longitude": -79.58604480486457}, "1 DUPLEX AVE": {"latitude": 43.7795621, "longitude": -79.4173475}}