{"75 BREMNER BLVD": {"latitude": 43.6426279, "longitude": -79.38056547947787}, "70 EDWARD ST": {"latitude": 53.5383795, "longitude": -2.1354477}, "375 UNIVERSITY AVE": {"latitude": 42.19906655, "longitude": -71.15696795}, "120 HOMEWOOD AVE": {"latitude": 41.3757068, "longitude": -72.8858623}, "890 WILLOWDALE AVE": {"latitude": 39.68421978386398, "longitude": -84.15548643375573}, "25 SELBY ST": {"latitude": 40.9281699113924, "longitude": -81.10680793670886}, "125 BLUE JAYS WAY": {"latitude": 45.7385022, "longitude": -108.5626752}, "111 PETER ST": {"latitude": 42.9405018, "longitude": -78.8882926}, "24 BELLAIR ST": {"latitude": 43.6707065, "longitude": -79.391213}, "50 WILSON HTS BLVD": {"latitude": 43.7507496, "longitude": -79.4559156}, "108 YORKVILLE AVE": {"latitude": 43.6709450625, "longitude": -79.392572625}, "32 GRENVILLE ST": {"latitude": 53.405536, "longitude": -2.1723488}, "33 CHARLES ST E": {"latitude": 43.668649450000004, "longitude": -79.38448819999999}, "39 NIAGARA ST": {"latitude": 40.9468393, "longitude": -72.9785196}, "80 LYNN WILLIAMS ST": {"latitude": 43.639314299999995, "longitude": -79.41657699446372}, "80 ESTHER LORRIE DR": {"latitude": 43.7319406, "longitude": -79.57699494118545}, "390 QUEENS QUAY W": {"latitude": 43.6381429, "longitude": -79.3907469}, "150 SUDBURY ST": {"latitude": 43.6414778, "longitude": -79.42408901188773}, "2 LOMBARD ST": {"latitude": 41.3162237, "longitude": -72.887884}, "112 ELIZABETH ST": {"latitude": -43.8900493, "longitude": 171.7401889}, "10 HARLANDALE AVE": {"latitude": 43.76238, "longitude": -79.4113993}, "106 YORKVILLE AVE": {"latitude": 43.67096275, "longitude": -79.3924885}, "56 FOREST MANOR RD": {"latitude": 39.82532878248653, "longitude": -75.91037999067022}, "88 ERSKINE AVE": {"latitude": 43.712337500000004, "longitude": -79.39609522389239}, "320 DIXON RD": {"latitude": 43.69681145, "longitude": -79.5525022891064}, "470 SENTINEL RD": {"latitude": 43.7626936, "longitude": -79.5020368}, "38 IANNUZZI ST": {"latitude": 43.6371525, "longitude": -79.40155704221199}, "41 HAZELTON AVE": {"latitude": 43.890115352735094, "longitude": -79.36301712946718}, "25 CAPREOL CRT": {"latitude": 43.6408028, "longitude": -79.39557366454727}, "15 BREADALBANE ST": {"latitude": -27.5122414, "longitude": 153.1043025}, "65 SPRING GARDEN AVE": {"latitude": 43.764337499999996, "longitude": -79.4092147053872}, "190 CHALKFARM DR": {"latitude": 43.72470459109727, "longitude": -79.51103538769048}, "111 ELIZABETH ST": {"latitude": -43.8899937, "longitude": 171.7394594}, "45 RICHMOND ST E": {"latitude": 43.652198, "longitude": -79.37619}, "522 UNIVERSITY AVE": {"latitude": 38.26399575, "longitude": -85.69341209698447}, "265 ARMADALE AVE": {"latitude": 43.6501605, "longitude": -79.4830289}, "20 MINOWAN MIIKAN LANE": {"latitude": 43.6432136, "longitude": -79.4281466}, "890 WILLOWDALE AVENUE": {"latitude": 39.68421978386398, "longitude": -84.15548643375573}, "125 WESTERN BATTERY RD": {"latitude": 43.63991575, "longitude": -79.41672008371955}, "20 ASHBRIDGES BAY PARK ROAD": {"latitude": 43.6603432, "longitude": -79.3125356}, "24 MABELLE AVE": {"latitude": 43.646605, "longitude": -79.52720203996003}, "20 LOMOND DRIVE": {"latitude": 55.7687988, "longitude": -3.9244853999999996}, "120 HARRISON GARDEN BLVD": {"latitude": 43.75803165, "longitude": -79.40318685164361}, "100 PRINCES BLVD": {"latitude": 43.63535575, "longitude": -79.41323694897558}, "716 PAPE AVE": {"latitude": 43.6795865, "longitude": -79.3453005}, "40 ASQUITH AVE": {"latitude": -33.9197724, "longitude": 151.2103339}, "55 EAST LIBERTY ST": {"latitude": 43.6386004, "longitude": -79.4127833345012}, "3330 BLOOR ST W": {"latitude": 43.668732, "longitude": -79.3939727}, "10 CAPREOL CRT": {"latitude": 43.6403625, "longitude": -79.3960908}, "10 PARKDALE RD": {"latitude": 52.45760505, "longitude": -1.7754233999999998}, "225 SHERWAY GARDENS RD": {"latitude": 43.6090262, "longitude": -79.5582829016827}, "101 EGLINTON AVE E": {"latitude": 43.7073661, "longitude": -79.3944844}, "255 KENNEDY AVE": {"latitude": 42.6243266, "longitude": -79.0895}, "360 UNIVERSITY AVE": {"latitude": 42.6585276, "longitude": -71.33477105508044}, "352 FRONT ST W": {"latitude": 43.64356915, "longitude": -79.39218545841459}, "43 THORNCLIFFE PARK DR": {"latitude": 43.70052475, "longitude": -79.3442738483443}, "15 TOBERMORY DR": {"latitude": 43.76008725, "longitude": -79.50774967030077}, "115 MCMAHON DR": {"latitude": 43.76681495, "longitude": -79.3710584461115}, "155 REDPATH AVE": {"latitude": 43.7066999, "longitude": -79.3923333}, "1170 BAY ST": {"latitude": 43.1717199, "longitude": -77.5615475}, "23 SULTAN ST": {"latitude": 43.668441, "longitude": -79.3913411}, "1501 YONGE ST": {"latitude": 43.68925555, "longitude": -79.39372622338841}, "4936 YONGE ST": {"latitude": 43.76463, "longitude": -79.411895}, "35 BELLEVUE AVE": {"latitude": 44.8110177, "longitude": -68.7503666}, "138 PRINCESS ST": {"latitude": 45.2719327, "longitude": -66.05754717915633}, "8 MERCER ST": {"latitude": 51.51289625, "longitude": -0.1256423982009325}, "19 BATHURST ST": {"latitude": -33.8883374, "longitude": 151.24826624432396}, "44 LILLIAN ST": {"latitude": 43.7056011, "longitude": -79.3935602}, "21 MELINDA ST": {"latitude": -27.5179184, "longitude": 152.9286076}, "72 ESTHER SHINER BLVD": {"latitude": 43.768423150000004, "longitude": -79.37121240723269}, "201 CLAREMONT ST": {"latitude": 43.65199159259259, "longitude": -79.41177711111112}, "27 GROSVENOR ST": {"latitude": 51.51181995, "longitude": -0.14759696642751033}, "5 MASSEY SQ": {"latitude": 43.6961431, "longitude": -79.2917834}, "21 GRENVILLE ST": {"latitude": -40.6185044, "longitude": 175.2711296}, "33 SINGER CRT": {"latitude": 41.207070499557354, "longitude": -73.15413506823892}, "1091 EASTERN AVE": {"latitude": 40.35526043023256, "longitude": -83.73836506976744}, "438 UNIVERSITY AVE": {"latitude": 38.26204185, "longitude": -85.6915407498534}, "300 FRONT ST W": {"latitude": 43.6445441, "longitude": -79.3890837}, "1 FOUNTAINHEAD RD": {"latitude": 41.7033101, "longitude": -73.0361349}, "5 ST JOSEPH ST": {"latitude": 10.643965, "longitude": -61.283975}, "50 WILSON HEIGHTS BLVD": {"latitude": 43.7507496, "longitude": -79.4559156}, "600 FLEET ST": {"latitude": 43.63674235, "longitude": -79.40026648809913}, "55 MAITLAND ST": {"latitude": 41.6456971, "longitude": -70.93890867806928}, "80 GROSVENOR ST": {"latitude": 43.66262295, "longitude": -79.38849017388944}, "370 KING ST W": {"latitude": 42.4027388, "longitude": -82.1912827}, "1105 WILSON AVE": {"latitude": 43.72634535, "longitude": -79.48275364999999}, "225 HUMBER BAY PARK RD W": {"latitude": 43.6208691, "longitude": -79.482518}, "1 SHORTT ST": {"latitude": -40.4679852, "longitude": 175.2321063}, "100 HARRISON GARDEN BLVD": {"latitude": 43.756957400000005, "longitude": -79.40434239999999}, "1 BRIMLEY RD": {"latitude": 52.2245429, "longitude": 0.1213333804791756}, "280 SIMCOE ST": {"latitude": 44.5038382, "longitude": -80.2085244}, "2 JAMES ST": {"latitude": 51.438974, "longitude": 0.7711609000000001}, "74 VICTORIA ST": {"latitude": 58.9625355, "longitude": -3.298949}, "22 WESTERN BATTERY RD": {"latitude": 43.63971825, "longitude": -79.41188425060125}, "44 PARLIAMENT ST": {"latitude": -42.8986089, "longitude": 147.32165053428994}, "2 PORTLAND ST": {"latitude": 52.92803495, "longitude": -1.2119960090163917}, "15 FORT YORK BLVD": {"latitude": 43.64004, "longitude": -79.393893}, "10 LOWER JARVIS ST": {"latitude": 43.6438465, "longitude": -79.3698452}, "238 WELLESLEY ST E": {"latitude": 43.668572600000005, "longitude": -79.3722554112604}, "70 YORKVILLE AVE": {"latitude": 43.6712928, "longitude": -79.3910231}}