{"200 MCLEVIN AVE": {"latitude": 43.805118, "longitude": -79.2269881}, "10 CHICHESTER PL": {"latitude": 50.8173293, "longitude": -0.1144246}, "20 GARNETT JANES RD": {"latitude": 43.6014872, "longitude": -79.5095038}, "3434 EGLINTON AVE E": {"latitude": 43.7455975, "longitude": -79.21118852500001}, "12 BEXHILL CRT": {"latitude": 43.6624425, "longitude": -79.520379}, "26 WESTERN BATTERY RD": {"latitude": 43.639695599999996, "longitude": -79.41218913120406}, "25 DUNCANWOODS DR": {"latitude": 43.7489937, "longitude": -79.5575196}, "1267 QUEEN ST W": {"latitude": 43.8541434, "longitude": -80.0759708}, "1110 BRIAR HILL AVE": {"latitude": 53.5296692, "longitude": -2.4319321}, "42 WESTERN BATTERY RD": {"latitude": 43.6396788, "longitude": -79.4134593508688}, "761 KING ST W": {"latitude": 43.6429894, "longitude": -79.4058001}, "456 COLLEGE ST": {"latitude": 43.656748, "longitude": -79.4081366391538}, "25 RICHMOND ST E": {"latitude": 44.0218284, "longitude": -79.80244979587351}, "38 HELENDALE AVE": {"latitude": 43.70903071428572, "longitude": -79.39958271428571}, "10 GLEN EVEREST RD": {"latitude": 43.6991738, "longitude": -79.254438}, "33 ST JOSEPH ST": {"latitude": 10.275618, "longitude": -61.453715}, "1439 DANFORTH AVE": {"latitude": 43.6826597, "longitude": -79.3263209}, "123 ARGYLE ST": {"latitude": 43.6464057, "longitude": -79.4215896}, "670 PARLIAMENT ST": {"latitude": 43.670515550000005, "longitude": -79.37088737596207}, "6 ADELAIDE ST E": {"latitude": 43.6506556, "longitude": -79.378365}, "45 ST CLAIR AVE W": {"latitude": 43.6874784, "longitude": -79.39543653975741}, "14 MACHELLS AVE": {"latitude": 43.640073, "longitude": -79.425118}, "4751 LESLIE ST": {"latitude": 43.7784602, "longitude": -79.365162}, "2118 BLOOR ST W": {"latitude": 43.65219520769231, "longitude": -79.47207295384615}, "483 QUEEN ST W": {"latitude": 43.25771177948718, "longitude": -81.15928766666666}, "26 DENISON SQ": {"latitude": 43.6538627, "longitude": -79.4018233}, "149 OSSINGTON AVE": {"latitude": 43.647624475, "longitude": -79.41989995}, "2 SNOOKER ST": {"latitude": -34.0384678, "longitude": 18.6186451}, "573 GERRARD ST E": {"latitude": 43.6651885, "longitude": -79.3532914}, "333 LONSDALE RD": {"latitude": 51.4746026, "longitude": -0.25037462002922906}, "363 ADELAIDE ST. WEST": {"latitude": 43.646532449999995, "longitude": -79.39466668075815}, "1858 BLOOR ST W": {"latitude": 43.6539775, "longitude": -79.4639241}, "1360 DANFORTH RD": {"latitude": 43.744939, "longitude": -79.24538605487805}, "156 ROWNTREE MILL RD": {"latitude": 43.7528372, "longitude": -79.5791889}, "629 KING ST W": {"latitude": 43.64388005, "longitude": -79.40155160793233}, "310 TWEEDSMUIR AVE": {"latitude": 43.68542225, "longitude": -79.41432459515866}, "3405 KENNEDY RD": {"latitude": 43.8186477, "longitude": -79.3046415}, "224 DAVENPORT RD": {"latitude": 43.67474485555556, "longitude": -79.3971352}, "175 CUMBERLAND ST": {"latitude": -33.86071375, "longitude": 151.2062455328637}, "770 DON MILLS RD": {"latitude": 43.714838, "longitude": -79.34024290998893}, "1 YONGE ST": {"latitude": 43.6423228, "longitude": -79.3744327882227}, "38 WESTERN BATTERY RD": {"latitude": 43.639673200000004, "longitude": -79.41313292264894}, "4645 JANE ST": {"latitude": 43.7696426, "longitude": -79.51984131999558}, "151 FRONT ST W": {"latitude": 43.6447685, "longitude": -79.3837783}, "466 SPADINA AVE": {"latitude": 43.65758699999999, "longitude": -79.40019}, "2053 DUFFERIN ST": {"latitude": 43.686584714285715, "longitude": -79.44635321428571}, "1245 DUPONT ST": {"latitude": 48.75842177551021, "longitude": -122.48652630612246}, "50 GROSVENOR ST": {"latitude": 51.51130395, "longitude": -0.14860513940603887}, "10 GARNETT JANES RD": {"latitude": 43.6016242, "longitude": -79.50887}, "12 LAIDLAW ST": {"latitude": 43.63999275, "longitude": -79.4267369498879}, "1305 LAWRENCE AVE W": {"latitude": 43.7084803, "longitude": -79.47354947683162}, "195 EXBURY RD": {"latitude": 43.7301328, "longitude": -79.50978390283186}, "124 CUMBERLAND ST": {"latitude": 43.8055208, "longitude": -70.7877363}, "296 GRANDRAVINE DR": {"latitude": 43.74876985, "longitude": -79.51155503810011}, "340 DIXON RD": {"latitude": -43.3677543, "longitude": 172.1781555}, "26 ST JOSEPH ST": {"latitude": 10.639881, "longitude": -61.283031}, "15 ANGLESEY BLVD": {"latitude": 43.66427935, "longitude": -79.52094717064556}, "85 LEE AVENUE": {"latitude": 41.1698433, "longitude": -73.2056532}, "2760 OLD LESLIE STREET": {"latitude": 43.7696734318871, "longitude": -79.36666945774256}, "34 WESTERN BATTERY RD": {"latitude": 43.6396495, "longitude": -79.4127965067077}, "2285 LAKE SHORE BLVD W": {"latitude": 43.644176, "longitude": -79.3759959}, "30 FRASER AVE": {"latitude": 55.972776, "longitude": -3.2171664}, "31 BALES AVE": {"latitude": 43.7600538, "longitude": -79.40890361563143}, "205 MCCAUL STREET": {"latitude": 43.656826, "longitude": -79.392392}, "229 YONGE ST": {"latitude": 43.654265, "longitude": -79.379869}, "1239 DUNDAS ST W": {"latitude": 43.55466795573471, "longitude": -79.64621776237757}, "12 ROCKFORD RD": {"latitude": 43.7859859, "longitude": -79.4463089}, "4 ROXBOROUGH ST W": {"latitude": 43.678231499999995, "longitude": -79.39034875}, "10 ROANOKE RD": {"latitude": 40.9498373, "longitude": -72.9768416}, "45 LA ROSE AVE": {"latitude": 43.6859695, "longitude": -79.51579355412844}, "209 JAMESON AVE": {"latitude": 43.6394906, "longitude": -79.4353833943524}, "100 BILLY BISHOP WAY": {"latitude": 43.7310218, "longitude": -79.4558610258826}, "21 LAWREN HARRIS SQ": {"latitude": 43.6550217, "longitude": -79.3536899}, "76 CHARLES ST W": {"latitude": 43.6682178, "longitude": -79.3892602}, "45 HAZELTON AVE": {"latitude": 43.8903295, "longitude": -79.3632854}, "250 BRENYON WAY": {"latitude": 43.8059379, "longitude": -79.2130717}, "49 DUNDONALD ST": {"latitude": 10.6620836, "longitude": -61.5135294}, "935 EGLINTON AVENUE WEST": {"latitude": 43.58711315, "longitude": -79.67589449876664}, "2200 JANE STREET": {"latitude": 43.7217257, "longitude": -79.5090047}, "149 BALDWIN ST": {"latitude": 42.0960012, "longitude": -72.62153185}, "21 ARMOURY ST": {"latitude": 54.7016108, "longitude": -1.598051}, "110 CARRIER DRIVE": {"latitude": 43.7400946, "longitude": -79.6117678422527}, "40 FALSTAFF AVE": {"latitude": 51.4324619, "longitude": -0.9419853499999999}, "1347 ST CLAIR AVE W": {"latitude": 43.6761267, "longitude": -79.4503196}, "59 OSSINGTON AVE": {"latitude": 45.390671999999995, "longitude": -75.68479413894735}, "10 HOUSEY ST": {"latitude": 32.75951187437186, "longitude": -81.24934862060302}, "2460 EGLINTON AVE E": {"latitude": 43.73416795, "longitude": -79.26281472820511}, "725 KING ST W": {"latitude": 43.6433327, "longitude": -79.4045683}, "11 FINCH AVE. W.": {"latitude": 43.7795817, "longitude": -79.4157652}, "1172 KING ST W": {"latitude": 43.6392795, "longitude": -79.4264307}, "96 GERRARD ST E": {"latitude": 43.6603142, "longitude": -79.37743556426844}, "24 FOREST MANOR RD": {"latitude": 43.771041, "longitude": -79.34458635116334}, "1280 FINCH AVE W": {"latitude": 43.764397, "longitude": -79.488908}, "300 REMEMBRANCE DR": {"latitude": 42.2739919, "longitude": -89.1733268}, "555 BRIMORTON DR": {"latitude": 43.7733009, "longitude": -79.2308457}, "140 ERSKINE AVE": {"latitude": 43.712829, "longitude": -79.39387007383613}, "650 MOUNT PLEASANT ROAD": {"latitude": 43.7046386, "longitude": -79.389051}, "350 WELLINGTON ST W": {"latitude": 43.9794576, "longitude": -80.7384128}, "35 MARINER TER": {"latitude": 43.639684200000005, "longitude": -79.39212575086206}, "270 GLADSTONE AVE": {"latitude": 45.41319205, "longitude": -75.69045530117383}}