{"220 OAK ST": {"latitude": 44.5465267, "longitude": -70.5555175}, "154 PEARL ST": {"latitude": 40.7056625, "longitude": -74.0077346}, "320 TWEEDSMUIR AVE": {"latitude": 43.6860143, "longitude": -79.414561255}, "16 ST JOSEPH ST": {"latitude": 10.2475, "longitude": -61.477773}, "15 BASEBALL PL": {"latitude": 43.6575793, "longitude": -79.35173394797377}, "88 PARK LAWN RD": {"latitude": 33.9936109, "longitude": -117.9378581}, "7 LORRAINE DR": {"latitude": 42.8479839, "longitude": -71.40028909195571}, "51 ALEXANDER ST": {"latitude": 42.6406106, "longitude": -73.76062636476291}, "2101 ISLINGTON AVE": {"latitude": 43.7041175, "longitude": -79.54926872767857}, "141 DAVISVILLE AVE": {"latitude": 43.6987924, "longitude": -79.39118045360837}, "40 HOMEWOOD AVE": {"latitude": 42.7174288, "longitude": -73.71879322784326}, "3 GLAMORGAN AVE": {"latitude": 43.768691000000004, "longitude": -79.28275847895466}, "118 CUMBERLAND ST": {"latitude": 42.991147749999996, "longitude": -71.48603492049664}, "19 SPADINA RD": {"latitude": 43.667612, "longitude": -79.404107}, "33 VICTORIA ST": {"latitude": 52.622674849999996, "longitude": 1.2901337397376045}, "51 ABERDEEN AVE": {"latitude": 52.190316, "longitude": 0.1289168}, "210 WOOLNER AVE": {"latitude": 43.6725195, "longitude": -79.49241050896163}, "100 HIGH PARK AVE": {"latitude": 43.656599850000006, "longitude": -79.46744273101271}, "1153 QUEEN ST W": {"latitude": 43.6427197, "longitude": -79.4247485}, "21 NELSON ST": {"latitude": 51.8093274, "longitude": 1.024014349999999}, "31 PHIPPS ST": {"latitude": 45.91943256413165, "longitude": -82.46544457478124}, "322 QUEEN ST W": {"latitude": 43.25805815882353, "longitude": -81.15353276470589}, "3 MARINE PARADE DR": {"latitude": 43.6302418, "longitude": -79.4762234}, "35 SARANAC BOULEVARD": {"latitude": 43.72266, "longitude": -79.432133}, "334 ADELAIDE ST W": {"latitude": 43.6474605, "longitude": -79.39257599999999}, "49 ONTARIO ST": {"latitude": 48.4311542, "longitude": -89.2333559}, "63 ROEHAMPTON AVE": {"latitude": 43.7081295, "longitude": -79.3965337419549}, "1441 LAWRENCE AVE E": {"latitude": 43.741148, "longitude": -79.31260577727272}, "51 HANNA AVE": {"latitude": 43.6395787, "longitude": -79.4193044}, "812 LANSDOWNE AVENUE": {"latitude": 43.6652415, "longitude": -79.4460508}, "3010 BLOOR ST W": {"latitude": 43.6476699, "longitude": -79.5110185}, "361 FRONT ST W": {"latitude": 43.6431912, "longitude": -79.3913725}, "33 HELENDALE AVE": {"latitude": 43.70871525, "longitude": -79.39938335344631}, "1001 SANDHURST CIR": {"latitude": 43.8093984, "longitude": -79.2635408}, "293 SPADINA AVE": {"latitude": 43.6535654, "longitude": -79.3979955}, "475 MACPHERSON AVE": {"latitude": 43.6754046, "longitude": -79.4090871}, "1624 QUEEN ST W": {"latitude": 43.65452643795251, "longitude": -79.79498389521004}, "255 BREMNER BLVD": {"latitude": 43.6406473, "longitude": -79.3859564}, "533 ST CLAIR AVE W": {"latitude": 43.6774283, "longitude": -79.4450952}, "196 SPADINA AVE": {"latitude": 43.6501823, "longitude": -79.3972526}, "215 HURON ST": {"latitude": 43.65919735, "longitude": -79.39816696902275}, "399 MARKHAM RD": {"latitude": 43.748721, "longitude": -79.2210867}, "16 BLOORVIEW PL": {"latitude": 43.7741443, "longitude": -79.3586699}, "30 DENARDA ST": {"latitude": 43.689388, "longitude": -79.49225775}, "1005 KING ST W": {"latitude": 43.2620111, "longitude": -79.9051941}, "29 SOUTH STATION ST": {"latitude": 43.70084465, "longitude": -79.51505615457076}, "7 LOCUST ST": {"latitude": 41.656650549999995, "longitude": -70.28786169772727}, "242 DANFORTH AVE": {"latitude": 43.6771029, "longitude": -79.3549199}, "99 SUDBURY ST": {"latitude": 43.641028, "longitude": -79.42264603777826}, "75 DOWLING AVE": {"latitude": 43.63523995, "longitude": -79.43767225142807}, "38 STEWART ST": {"latitude": 42.2166826, "longitude": -72.34168383986751}, "35 APPLEWOOD LANE": {"latitude": 43.7286028, "longitude": -70.2555478}, "190 ELIZABETH ST": {"latitude": 40.72157085, "longitude": -73.994322418787}, "75 TANDRIDGE CRES": {"latitude": 43.728855499999995, "longitude": -79.54679587273824}, "1 REAN DR": {"latitude": 43.7648669, "longitude": -79.38386995437855}, "15 ALVIN AVE": {"latitude": 43.688552, "longitude": -79.392574}, "292 BRUNSWICK AVE": {"latitude": 43.6653176, "longitude": -79.4073567}, "78 HILLDALE RD": {"latitude": 42.2701944, "longitude": -71.45801635722546}, "40 SOUDAN AVE": {"latitude": 43.7047988, "longitude": -79.396507}, "17 ST ANDREW ST": {"latitude": 45.43086795, "longitude": -75.6971637180117}, "15 SCADDING AVE": {"latitude": 43.85353, "longitude": -78.94403}, "68 GRANGEWAY AVE": {"latitude": 43.7728952, "longitude": -79.2489793}, "225 SUMACH ST": {"latitude": 43.661552689971494, "longitude": -79.36068945740462}, "135 ISABELLA ST": {"latitude": 43.669036950000006, "longitude": -79.37729415331555}, "507 COLLEGE ST": {"latitude": 34.9999091, "longitude": -78.3206257}, "101 EGLINTON EAST": {"latitude": 43.7073339, "longitude": -79.3947061}, "26 FIELDWAY RD": {"latitude": 43.641931799999995, "longitude": -79.5282026602925}, "39 QUEENS QUAY E": {"latitude": 43.6419606, "longitude": -79.3718541}, "33 SHEPPARD AVE E": {"latitude": 43.76171853333334, "longitude": -79.40932645555556}, "4000 LESLIE ST": {"latitude": 43.769945500000006, "longitude": -79.36513361933346}, "217 ADELAIDE ST W": {"latitude": 43.648324, "longitude": -79.3874251}, "63 POLSON ST": {"latitude": 36.02650182445012, "longitude": -115.05498714704156}, "69 BOND ST": {"latitude": 47.5681318, "longitude": -52.70656632761565}, "75 EMMETT AVE": {"latitude": 41.3329468, "longitude": -73.0925137}, "23 GRENVILLE ST": {"latitude": -40.6184315, "longitude": 175.2709283}, "195 BARRINGTON AVE": {"latitude": 43.6948975, "longitude": -79.3028931}, "23 BEDFORD PARK AVE": {"latitude": 43.7267862, "longitude": -79.40367855622418}, "900 QUEENS PLATE DR": {"latitude": 43.7224736, "longitude": -79.597787}, "437 RONCESVALLES AVE": {"latitude": 43.65252925, "longitude": -79.45108468113071}, "2 ST CLAIR AVE W": {"latitude": 43.6883353, "longitude": -79.3946218789046}, "57 ST JOSEPH ST": {"latitude": 41.6906405, "longitude": -71.13307740568013}, "85 ST NICHOLAS ST": {"latitude": 52.4156006, "longitude": -1.5145235949826672}, "451 RICHMOND ST W": {"latitude": 43.6476460625, "longitude": -79.39735575}, "51 TRAILRIDGE CRES": {"latitude": 43.783108999999996, "longitude": -79.20612988235295}, "22 ST THOMAS ST": {"latitude": 43.95274848571428, "longitude": -78.95209387142856}, "190 BOROUGH DR": {"latitude": 43.7737119, "longitude": -79.2534744}, "41 MABELLE AVE": {"latitude": 43.64478, "longitude": -79.52777877164073}, "118 BALLIOL ST": {"latitude": 43.69836015, "longitude": -79.39276485374447}, "912 EGLINTON AVE W": {"latitude": 43.7006313, "longitude": -79.4278752}, "15 MAITLAND PL": {"latitude": 43.6652923, "longitude": -79.3763335}, "105 SPADINA AVE": {"latitude": 45.40281415, "longitude": -75.71959169508298}, "50 HILLSBORO AVE": {"latitude": 43.675308, "longitude": -79.393562}, "2 SUSSEX AVE": {"latitude": 43.665640100000005, "longitude": -79.39953392970232}, "4841 YONGE ST": {"latitude": 43.7630649, "longitude": -79.410105}, "335 DRIFTWOOD AVE": {"latitude": 43.7660949, "longitude": -79.5114896}, "300 ANTIBES DR": {"latitude": 43.7812811, "longitude": -79.45008192438564}, "15 DEVONSHIRE PLACE": {"latitude": 51.522589350000004, "longitude": -0.14990521192529926}, "89 QUEEN ST E": {"latitude": 43.6532339, "longitude": -79.3750531}, "2225 LAKESHORE BLVD W": {"latitude": 33.6158799, "longitude": -88.6614126}, "635 QUEEN ST W": {"latitude": 43.25699775409836, "longitude": -81.16606626885246}}