{"35 GREENFIELD AVE": {"latitude": 43.0892037, "longitude": -73.7840481}, "55 GOULD ST": {"latitude": 40.97067, "longitude": -72.1969375057325}, "9 SALEM AVE": {"latitude": 42.49069145, "longitude": -71.12097699053956}, "40 CARL HALL RD": {"latitude": 43.7500717, "longitude": -79.4800089}, "405 SHERBOURNE STREET": {"latitude": 43.664678493333334, "longitude": -79.37352738666667}, "75 THE DONWAY W": {"latitude": 43.73276, "longitude": -79.34564225}, "523 ST CLAIR AVE W": {"latitude": 43.6827033, "longitude": -79.4192578}, "1060 SHEPPARD AVE W": {"latitude": 43.7503956, "longitude": -79.4636583}, "1090 THE QUEENSWAY": {"latitude": 43.6229968, "longitude": -79.5180678}, "67 RICHMOND ST W": {"latitude": 43.650979750000005, "longitude": -79.38170675}, "2425 JANE STREET": {"latitude": 43.7313948, "longitude": -79.51032135195024}, "325 HURON ST": {"latitude": 43.662862700000005, "longitude": -79.39930384683245}, "99 BROADWAY AVE": {"latitude": 40.75093015, "longitude": -73.06335140464361}, "5075 YONGE ST": {"latitude": 44.197227579999996, "longitude": -79.58477374285714}, "195 BONIS AVE": {"latitude": 43.78595856334653, "longitude": -79.29123779924251}, "415 JARVIS ST": {"latitude": 43.663326, "longitude": -79.3769522}, "375 KING ST W": {"latitude": 44.58339505, "longitude": -75.6946666}, "2549 WESTON RD": {"latitude": 43.7088847, "longitude": -79.5340075}, "348 DANFORTH AVE": {"latitude": 43.677502, "longitude": -79.3528821}, "3000 DUFFERIN ST": {"latitude": 43.7109048, "longitude": -79.4542207}, "120 YORK ST": {"latitude": 44.802558149999996, "longitude": -68.76564336580881}, "6 SPRING GARDEN AVE": {"latitude": 41.08325895, "longitude": -72.35634105841925}, "800 LANSDOWNE AVE": {"latitude": 43.6649802, "longitude": -79.4459528}, "165 BARRINGTON AVE": {"latitude": 43.6938565, "longitude": -79.30218859848485}, "104 GOODWOOD PARK CRT": {"latitude": 43.695420999999996, "longitude": -79.2956004345238}, "1 WOOD ST": {"latitude": 51.5148728, "longitude": -0.0943244}, "180 PEARL ST": {"latitude": 42.20455285, "longitude": -71.0008082468558}, "41 CHARLES ST W": {"latitude": 43.66812, "longitude": -79.387722}, "1820 BLOOR ST W": {"latitude": 43.668732, "longitude": -79.3939727}, "1 SELBY ST": {"latitude": 53.6883799, "longitude": -1.4938227796629562}, "88 CORPORATE DR": {"latitude": 43.7799486, "longitude": -79.2494798}, "2015 SHEPPARD AVE E": {"latitude": 43.7753345, "longitude": -79.33705609913382}, "84 MERRICK ST": {"latitude": 43.640764000000004, "longitude": -79.45178164978844}, "29 SINGER CRT": {"latitude": 43.76922285, "longitude": -79.36870150738096}, "420 WELLINGTON ST W": {"latitude": 46.527718262795126, "longitude": -84.34900252459822}, "260 WELLESLEY ST E": {"latitude": 43.669121000000004, "longitude": -79.37185973720707}, "8 YORK ST": {"latitude": -33.7915242, "longitude": 151.0308728}, "21 CARLTON ST": {"latitude": 53.7264672, "longitude": -1.3496391382525474}, "81 ST MARY ST": {"latitude": 43.666898, "longitude": -79.390613}, "31 BLACKTHORN AVE": {"latitude": 55.923885049999996, "longitude": -4.169189849999998}, "41 DUNDONALD ST": {"latitude": -45.9009405, "longitude": 170.5260507}, "20 PRINCE ARTHUR AVE": {"latitude": 43.669885199999996, "longitude": -79.39653}, "89 MCGILL ST": {"latitude": 43.6606121, "longitude": -79.3785633}, "101 GRANGEWAY AVE": {"latitude": 43.7756284, "longitude": -79.2501414}, "51 BATHURST ST": {"latitude": 51.6157617, "longitude": -3.946268}, "1117 DUNDAS ST W": {"latitude": 43.8737163025, "longitude": -78.969171625}, "376 CLINTON ST": {"latitude": 43.1816185, "longitude": -78.68141358703795}, "265 ARMADALE AVENUE": {"latitude": 43.6501605, "longitude": -79.4830289}, "469 KING ST W": {"latitude": 43.2606614, "longitude": -79.8832237}, "5000 YONGE ST": {"latitude": 44.1939885, "longitude": -79.5843785}, "76 SHUTER ST": {"latitude": 43.655194, "longitude": -79.375142}, "245 CARLAW AVE": {"latitude": 43.6636582, "longitude": -79.3410099}, "411 DUPLEX AVE": {"latitude": 43.70726625, "longitude": -79.40022677922181}, "2400 DUNDAS ST W": {"latitude": 43.528115, "longitude": -79.674155}, "55 LISGAR ST": {"latitude": 43.642667, "longitude": -79.4232622}, "5791 YONGE ST": {"latitude": 43.783793, "longitude": -79.416406}, "99 HOWARD ST": {"latitude": 42.44056955, "longitude": -73.24979078193277}, "15 QUEENS QUAY E": {"latitude": 43.64213554545454, "longitude": -79.37375954545455}, "128 FAIRVIEW MALL DR": {"latitude": 43.7801472, "longitude": -79.3410629}, "500 MURRAY ROSS PKWY": {"latitude": 43.7650827, "longitude": -79.5061504}, "4400 JANE ST": {"latitude": 29.70342, "longitude": -95.449485}, "993 QUEEN ST W": {"latitude": 43.64458005, "longitude": -79.41556598953505}, "30 EDITH DR": {"latitude": 39.939944600000004, "longitude": -76.5676045921363}, "2900 JANE ST": {"latitude": 43.7531366, "longitude": -79.51780590903407}, "318 RICHMOND ST W": {"latitude": 43.648964, "longitude": -79.391953}, "135 ANTIBES DR": {"latitude": 43.780298, "longitude": -79.44548985342365}, "1200 LANSDOWNE AVE": {"latitude": 43.6719926, "longitude": -79.44921528990025}, "2 URSULA FRANKLIN ST": {"latitude": 43.6600952, "longitude": -79.3986079}, "240 QUEEN ST W": {"latitude": 43.25836753333333, "longitude": -81.1506515962963}, "250 FORT YORK BLVD": {"latitude": 43.63899205, "longitude": -79.40344520868527}, "1968 BLOOR ST W": {"latitude": 43.653170349999996, "longitude": -79.46796924999998}, "3199 LAKESHORE BLVD W": {"latitude": 33.6158799, "longitude": -88.6614126}, "22 JOHN ST": {"latitude": 51.52242405, "longitude": -0.11593376862033689}, "269 COXWELL AVE": {"latitude": 43.67342237209302, "longitude": -79.31932314186047}, "24 EVA RD": {"latitude": 51.37498345, "longitude": 0.5508760068518661}, "122 MARINE PARADE DR": {"latitude": 44.6266236, "longitude": -63.5156335}, "625 THE WEST MALL": {"latitude": 43.6551902, "longitude": -79.570505}, "36 TORONTO ST": {"latitude": 47.5959216, "longitude": -52.7123632}, "50 TOWN CENTRE CRT": {"latitude": 43.773255500000005, "longitude": -79.25526833097166}, "47 THORNCLIFFE PARK DR": {"latitude": 43.7007565, "longitude": -79.3427590546875}, "501 ADELAIDE ST E": {"latitude": 43.652641, "longitude": -79.365988}, "180 BLOOR ST W": {"latitude": 43.66885585, "longitude": -79.39497225395706}, "71 OSSINGTON AVE": {"latitude": 45.390401999999995, "longitude": -75.68543794452347}, "325 WESTON RD": {"latitude": 43.6789404, "longitude": -79.4738836}, "351 WALLACE AVE": {"latitude": 43.66063515, "longitude": -79.45200840000001}, "3250 BLOOR ST W": {"latitude": 43.6456736, "longitude": -79.5211618}, "88 COLLEGE ST": {"latitude": 44.1009244, "longitude": -70.2116017}, "101 DAVENPORT RD": {"latitude": 43.6738718, "longitude": -79.3921056621366}, "65 THORNCLIFFE PARK DR": {"latitude": 43.7036561, "longitude": -79.3412145}, "148 OSSINGTON AVE": {"latitude": 43.647553, "longitude": -79.4202544}, "3 DUPLEX AVE": {"latitude": 43.7810438, "longitude": -79.4177216}, "165 SPADINA AVE": {"latitude": 43.6490957, "longitude": -79.3962424}, "111 PACIFIC AVE": {"latitude": 43.0085866, "longitude": -76.1497393}, "35 APPLEWOOD LN": {"latitude": 43.7286028, "longitude": -70.2555478}, "6161 BATHURST ST": {"latitude": 43.788809099999995, "longitude": -79.44602390129099}, "201 VAN HORNE AVE": {"latitude": 43.7864415, "longitude": -79.35366460866055}, "210 VICTORIA ST": {"latitude": -37.7885319, "longitude": 175.2848086}, "5 MARINER TER": {"latitude": 31.4232871, "longitude": -100.4367806}, "20 BLUE JAYS WAY": {"latitude": 45.7385022, "longitude": -108.5626752}, "700 UNIVERSITY AVE": {"latitude": 43.6591104, "longitude": -79.39120659491317}}