{"4700 KEELE ST": {"latitude": 43.7749386, "longitude": -79.4942572}, "4001 LESLIE ST": {"latitude": 43.7692285, "longitude": -79.3625576854712}, "2075 BAYVIEW AVE": {"latitude": 43.7219965, "longitude": -79.3728068}, "15 MARINE PARADE DR": {"latitude": 43.629106300000004, "longitude": -79.47541067335007}, "2183 LAKE SHORE BLVD W": {"latitude": 43.62342405, "longitude": -79.47879613734338}, "19 GRAND TRUNK CRES": {"latitude": 43.6416809, "longitude": -79.3830414}, "70 DISTILLERY LANE": {"latitude": 51.8779063, "longitude": 0.9266008}, "1 BRIMLEY RD S": {"latitude": 43.7059623, "longitude": -79.2354915}, "1 CHERRY ST": {"latitude": 41.2756481, "longitude": -70.09432975}, "576 FRONT ST W": {"latitude": 43.64091555555555, "longitude": -79.40110955555555}, "31A PARLIAMENT ST": {"latitude": 53.7439026, "longitude": -0.3354452}, "30 GRAND TRUNK CRES": {"latitude": 43.64216145, "longitude": -79.38290019160826}, "202 JARVIS ST": {"latitude": 57.050436, "longitude": -135.30940295}, "56 ANNIE CRAIG DR": {"latitude": 43.6254684, "longitude": -79.4784276}, "15 MCMURRICH ST": {"latitude": 43.6732549, "longitude": -79.38925817316462}, "5 VALHALLA INN RD": {"latitude": 43.6410767, "longitude": -79.5593612}, "550 WELLINGTON ST W": {"latitude": 43.5206125, "longitude": -80.2683011}, "2 COOPER ST": {"latitude": 53.401596600000005, "longitude": -2.1542683353041845}, "75 EAST LIBERTY ST": {"latitude": 43.6379927, "longitude": -79.41476910085089}, "75 QUEENS WHARF RD": {"latitude": 43.63849825, "longitude": -79.39799287066958}, "1265 MILITARY TRL": {"latitude": 43.7833635, "longitude": -79.1870813}, "30 NELSON ST": {"latitude": 51.8091637, "longitude": 1.0235467463334}, "21 ICEBOAT TER": {"latitude": 43.64030885, "longitude": -79.39744739969758}, "75 PORTLAND ST": {"latitude": 52.6243721, "longitude": 1.2738054417466427}, "45 ABELL ST": {"latitude": 39.4592275, "longitude": -77.9691112}, "244 VICTORIA ST": {"latitude": -37.7883779, "longitude": 175.2842258}, "273 BLOOR ST W": {"latitude": 43.6679307, "longitude": -79.3962546}, "20 EDWARD ST": {"latitude": 53.7140633, "longitude": -1.42154225}, "150 DAN LECKIE WAY": {"latitude": 43.63979375, "longitude": -79.39854654990367}, "2 EVA RD": {"latitude": 51.374936700000006, "longitude": 0.5515434915726971}, "199 RICHMOND ST W": {"latitude": 43.649487449999995, "longitude": -79.38813072888891}, "155 LEGION RD N": {"latitude": 43.6238574, "longitude": -79.4883455}, "393 UNIVERSITY AVE": {"latitude": 42.9629748, "longitude": -78.8279232}, "1235 WILSON AVE": {"latitude": 43.723172500000004, "longitude": -79.48942050990618}, "16 BROOKERS LANE": {"latitude": 43.6269065, "longitude": -79.478375}, "125 BURNABY BLVD": {"latitude": 43.7046259, "longitude": -79.4120834}, "2225 LAKE SHORE BLVD W": {"latitude": 43.644176, "longitude": -79.3759959}, "7 GRENVILLE ST": {"latitude": -41.2206404, "longitude": 174.9138837}, "38 JOE SHUSTER WAY": {"latitude": 43.6404401, "longitude": -79.42457159222741}, "162 CUMBERLAND ST": {"latitude": 40.793356149999994, "longitude": -72.8464945522388}, "209 FORT YORK BLVD": {"latitude": 43.6372711, "longitude": -79.4044404}, "88 SCOTT ST": {"latitude": -27.3258208, "longitude": 153.0621097}, "18 GRENVILLE ST": {"latitude": -41.2208875, "longitude": 174.9147562}, "31 A PARLIAMENT STREET": {"latitude": 53.7439026, "longitude": -0.3354452}, "68 ABELL ST": {"latitude": 43.64240135, "longitude": -79.42463259665388}, "103 THE QUEENSWAY": {"latitude": 43.636290849999995, "longitude": -79.47037418762405}, "1675 LAKE SHORE BLVD E": {"latitude": 30.2142744, "longitude": -89.7686663}, "26 GRAND TRUNK CRES": {"latitude": 43.6416809, "longitude": -79.3830414}, "30 BOND ST": {"latitude": 40.726511099999996, "longitude": -73.99342817458205}, "18 HENDON AVE": {"latitude": -36.894585, "longitude": 174.707608}, "555 RICHMOND ST W": {"latitude": 43.6466393, "longitude": -79.4023102}, "460 ADELAIDE ST E": {"latitude": 43.652675, "longitude": -79.366632}, "16 YONGE ST": {"latitude": 43.6433817, "longitude": -79.3766356}, "570 BAY ST": {"latitude": 28.5649888, "longitude": -81.5933497}, "40 ORCHARD VIEW BLVD": {"latitude": 43.7083798, "longitude": -79.4000683}, "10 EDWARD ST": {"latitude": 51.9423879, "longitude": 1.2500412046034377}, "9 BOGERT AVE": {"latitude": 41.01952, "longitude": -73.78086853476923}, "160 MARINE PARADE DR": {"latitude": 44.6266236, "longitude": -63.5156335}, "50 LYNN WILLIAMS ST": {"latitude": 43.6392081, "longitude": -79.415299}, "180 CHALKFARM DR": {"latitude": 43.7239809, "longitude": -79.51159630414716}, "33 SHORE BREEZE DR": {"latitude": 43.6239983, "longitude": -79.47936745491806}, "150 GERRARD ST W": {"latitude": 43.6581023, "longitude": -79.3879399}, "241 JARVIS ST": {"latitude": 43.657214, "longitude": -79.374484}, "15 ICEBOAT TER": {"latitude": 43.6405275, "longitude": -79.39680993843717}, "825 COXWELL AVE": {"latitude": 43.690160250000005, "longitude": -79.32501790246266}, "59 ANNIE CRAIG DR": {"latitude": 43.6254684, "longitude": -79.4784276}, "15 ASQUITH AVE": {"latitude": -33.71758835, "longitude": 150.37891485571913}, "85 EAST LIBERTY ST": {"latitude": 43.6378584, "longitude": -79.41547648236936}, "90 PARK LAWN RD": {"latitude": 33.9936109, "longitude": -117.9378581}, "251 JARVIS ST": {"latitude": 42.92961044583333, "longitude": -78.92214009166666}, "1561 LAKE SHORE BLVD E": {"latitude": 30.2142744, "longitude": -89.7686663}, "710 HUMBERWOOD BLVD": {"latitude": 43.7247639, "longitude": -79.61657546831958}, "65 EAST LIBERTY ST": {"latitude": 43.63815065, "longitude": -79.41407665185808}, "2 FORTY SECOND ST": {"latitude": 43.58654705, "longitude": -79.54102474511006}, "40 ROLLING MILLS RD": {"latitude": 43.6537456, "longitude": -79.3561022}, "85 WOOD ST": {"latitude": 51.589198749999994, "longitude": -0.0040675047620609885}, "19 WESTERN BATTERY RD": {"latitude": 43.639675100000005, "longitude": -79.41135841686021}, "158 VICTORIA ST": {"latitude": -43.9056287, "longitude": 171.7582432}, "16 JOHN ST": {"latitude": 51.53455405, "longitude": 0.012270611190818261}, "150 ELIZABETH ST": {"latitude": 40.72025315, "longitude": -73.9947996738933}, "30 MEADOWGLEN PL": {"latitude": 43.774755549999995, "longitude": -79.23068353493917}, "265 DURIE ST": {"latitude": 43.65197646909091, "longitude": -79.47933321818182}, "400 MUNSTER AVE": {"latitude": 43.6370063, "longitude": -79.5344187}, "20 JOE SHUSTER WAY": {"latitude": 43.6401487, "longitude": -79.4238567}, "34 HANNA AVE": {"latitude": 46.70486869999999, "longitude": -80.91862935}, "25 JOE SHUSTER WAY": {"latitude": 43.6410803, "longitude": -79.4262208}, "17 POLSON ST": {"latitude": -39.9414035, "longitude": 174.9929566}, "2075 BAYVIEW AV": {"latitude": 43.7219965, "longitude": -79.3728068}, "25 HAYDEN ST": {"latitude": 42.73738195, "longitude": -71.46072759331487}, "33 ORCHARD VIEW BLVD": {"latitude": 43.7077167, "longitude": -79.400557}, "20 LOMBARD ST": {"latitude": 42.64608295, "longitude": -71.32614425828251}, "100 MAITLAND ST": {"latitude": 43.665086849999994, "longitude": -79.37967475694863}, "100 COOPERAGE ST": {"latitude": 43.6533949, "longitude": -79.3571151}, "255 VILLAGE GREEN SQ": {"latitude": 36.078034425837316, "longitude": -80.35269016183848}, "42 CHARLES ST E": {"latitude": 43.669416, "longitude": -79.3842210275359}, "62 CUMBERLAND ST": {"latitude": 43.6708051, "longitude": -79.3895783}, "5 HANNA AVE": {"latitude": 43.6374679, "longitude": -79.4189739}, "51 EAST LIBERTY ST": {"latitude": 41.5479913, "longitude": -73.0366542}, "275 YORKLAND RD": {"latitude": 43.774819199999996, "longitude": -79.33698975467289}, "170 CHALKFARM DR": {"latitude": 43.724239, "longitude": -79.51339230631926}}