{"330 ADELAIDE ST E": {"latitude": 31.763288, "longitude": -93.08087859292138}, "125 GRENADIER RD": {"latitude": 43.6489035, "longitude": -79.4495618}, "3 ROWNTREE RD": {"latitude": 43.7504407, "longitude": -79.5817292}, "20 ROSELAWN AVE": {"latitude": 43.1025855, "longitude": -77.4439793}, "505 RICHMOND ST W": {"latitude": 43.647269, "longitude": -79.39923}, "24 GLENDALE AVE": {"latitude": 55.00175365, "longitude": -1.6362823504295299}, "37 FOUR WINDS DR": {"latitude": 38.79603605, "longitude": -90.661977306489}, "3401 DUFFERIN ST": {"latitude": 43.7265928, "longitude": -79.4573727}, "15 HAYDEN ST": {"latitude": -27.3679196, "longitude": 153.0870354}, "686 QUEEN ST W": {"latitude": 43.646559100000005, "longitude": -79.40791055730071}, "700 ST CLAIR AVE W": {"latitude": 43.6817126, "longitude": -79.4263978}, "40 ALEXANDER ST": {"latitude": -27.4674162, "longitude": 153.1901534}, "111 DAVISVILLE AVE": {"latitude": 43.69876495, "longitude": -79.39216964435428}, "450 SPADINA AVE": {"latitude": 43.657146999999995, "longitude": -79.400014}, "38 CAMERON ST": {"latitude": -43.89801, "longitude": 171.7434299}, "2054 DANFORTH AVE": {"latitude": 43.685643, "longitude": -79.3137013}, "200 VAN HORNE AVE": {"latitude": 49.7748156, "longitude": -92.8365172}, "60 LEONARD AVE": {"latitude": 44.690833, "longitude": -73.4735155}, "47 FRASER AVE": {"latitude": 55.9723639, "longitude": -3.2181461}, "263 DIXON RD": {"latitude": -37.8220008, "longitude": 175.3054183}, "29 GANGE AVE": {"latitude": 43.680808, "longitude": -79.393844}, "18 BROWNLOW AVE": {"latitude": 43.705914, "longitude": -79.390768}, "1 SNOOKER ST": {"latitude": -27.3236923, "longitude": 153.0331285}, "387 QUEEN ST W": {"latitude": 43.25791678478261, "longitude": -81.15727728695653}, "110 CUMBERLAND ST": {"latitude": -33.860108999999994, "longitude": 151.20709284480472}, "32 BROOKWELL DR": {"latitude": 43.744659, "longitude": -79.49384067058824}, "11 LEE CENTRE DR": {"latitude": 43.782109750000004, "longitude": -79.24526581156086}, "222 SPADINA AVE": {"latitude": 43.6509933, "longitude": -79.3977969}, "19 DORVAL RD": {"latitude": 39.818858, "longitude": -75.517105}, "70 HIGH PARK AVE": {"latitude": 43.655988699999995, "longitude": -79.46690429092988}, "150 HOMEWOOD AVE": {"latitude": 43.667172, "longitude": -79.376266}, "77 MCMURRICH ST": {"latitude": 43.674904850000004, "longitude": -79.38977505604214}, "5 CARLTON ST": {"latitude": 53.701072749999994, "longitude": -1.410752615301484}, "60 HARBOUR ST": {"latitude": 44.022001, "longitude": -77.7294346}, "85 CHARLES ST W": {"latitude": 43.6671884, "longitude": -79.3906708}, "1700 EGLINTON AVE E": {"latitude": 43.7264448, "longitude": -79.3126967}, "180 DOVERCOURT RD": {"latitude": 51.48666195, "longitude": -2.5742698443836973}, "430 FRONT ST E": {"latitude": 43.653044, "longitude": -79.356679}, "25 BISHOP TUTU BLVD": {"latitude": 43.635839950000005, "longitude": -79.39976031655068}, "3671 DUNDAS ST W": {"latitude": 43.6654305, "longitude": -79.4963356}, "349 CARLAW AVE": {"latitude": 43.6660661, "longitude": -79.3419287}, "15 JOHN ST": {"latitude": -27.4738191, "longitude": 153.1581644}, "300 JARVIS ST": {"latitude": 43.6614869, "longitude": -79.37663856664273}, "185 SHAUGHNESSY BLVD": {"latitude": 43.78179, "longitude": -79.35431752797203}, "102 YORKVILLE AVE": {"latitude": 43.670998125, "longitude": -79.39232025}, "50 RUDDINGTON DR": {"latitude": 43.7899253, "longitude": -79.3901112}, "185 ROEHAMPTON AVE": {"latitude": 43.7089756, "longitude": -79.3929623}, "87 PEARS AVE": {"latitude": 43.67571667428572, "longitude": -79.39559904571428}, "74 SIDNEY BELSEY CRES": {"latitude": 43.6922057, "longitude": -79.5086515}, "440 RATHBURN RD": {"latitude": 43.6540071, "longitude": -79.5708621790559}, "399 QUEEN ST W": {"latitude": 43.6489957, "longitude": -79.3946207}, "2323 BLOOR ST W": {"latitude": 43.650166799999994, "longitude": -79.47996092}, "18 HOLMES AVE": {"latitude": 41.9197267, "longitude": -70.79270522830457}, "120 ADELAIDE ST W": {"latitude": 43.649792, "longitude": -79.3829939}, "1290 FINCH AVE W": {"latitude": 43.765077, "longitude": -79.4893543}, "22 ST CLAIR AVE E": {"latitude": 43.68838833333333, "longitude": -79.39310133333333}, "50 ALEXANDER ST": {"latitude": 42.3172487, "longitude": -71.0695906}, "363 QUEEN ST W": {"latitude": 43.258134142857145, "longitude": -81.15514852857143}, "71 FRONT ST E": {"latitude": 43.648702, "longitude": -79.373041}, "942 YONGE ST": {"latitude": 43.73848114678025, "longitude": -79.40249606196939}, "145 ST LUKE LANE": {"latitude": 30.76881101799702, "longitude": -84.31778788779523}, "60 OSSINGTON AVE": {"latitude": 43.64551665, "longitude": -79.41952076428572}, "81 FRONT ST E": {"latitude": 43.6487095, "longitude": -79.3727108}, "720 BROADVIEW AVE": {"latitude": 43.675225499999996, "longitude": -79.35843353717311}, "64 NOBLE ST": {"latitude": 40.7706642, "longitude": -73.22473705165436}, "151 YORKLAND BLVD": {"latitude": 43.7709198, "longitude": -79.3317714}, "9 CRESCENT PL": {"latitude": 41.7470364, "longitude": -70.65889400919255}, "1050 MARKHAM RD": {"latitude": 43.7736179, "longitude": -79.2309073}, "330 ADELAIDE ST W": {"latitude": 43.64748616666667, "longitude": -79.39244266666667}, "1128 QUEEN ST W": {"latitude": 43.53310154005285, "longitude": -79.61089650702182}, "2170 BAYVIEW AVENUE": {"latitude": 39.747613428571434, "longitude": -74.11528228571429}, "685 SHEPPARD AVE E": {"latitude": 43.7686685, "longitude": -79.3784797}, "180 SPADINA AVE": {"latitude": 43.6495138, "longitude": -79.3969579}, "270 GEORGE ST": {"latitude": -33.70250695, "longitude": 151.09738795120592}, "68 MARINE PARADE DR": {"latitude": 43.626554, "longitude": -79.4774656}, "812 LANSDOWNE AV": {"latitude": 43.6652415, "longitude": -79.4460508}, "5255 YONGE ST": {"latitude": 44.20538471670936, "longitude": -79.58684892632812}, "67 CARROLL ST": {"latitude": -45.8816807, "longitude": 170.4975995}, "176 DOVERCOURT RD": {"latitude": 51.4865765, "longitude": -2.5743776336917836}, "5 CHARLES ST W": {"latitude": 43.0380572, "longitude": -80.8883297}, "10 EDGECLIFF GOLFWAY": {"latitude": 43.719262, "longitude": -79.32640747887324}, "20 BAINBRIDGE AVE": {"latitude": 53.4757762, "longitude": -2.562975910268908}, "3 SUMMERLAND TERRACE": {"latitude": 43.6431055, "longitude": -79.53231596637428}, "1033 BAY ST": {"latitude": 43.6659781, "longitude": -79.3875905}, "130 KING ST W": {"latitude": 43.648417949999995, "longitude": -79.38324245283977}, "310 DANFORTH AVE": {"latitude": 43.6773935, "longitude": -79.3534754}, "520 RICHMOND ST E": {"latitude": 43.6545517, "longitude": -79.3645955}, "90 CORDOVA AVE": {"latitude": 43.648115000000004, "longitude": -79.52364078481013}, "924 QUEEN ST E": {"latitude": 43.26263226380952, "longitude": -81.11246749619048}, "705 WARDEN AVE": {"latitude": 43.71400105, "longitude": -79.27930371350888}, "7 CRESCENT PL": {"latitude": 41.7467661, "longitude": -70.65891235472687}, "90 LING RD": {"latitude": 43.76673, "longitude": -79.185513}, "75 CARL HALL RD": {"latitude": 43.7459187, "longitude": -79.475218}, "688 COXWELL AVE": {"latitude": 43.6826792, "longitude": -79.3235042}, "38 HEATH ST E": {"latitude": 43.690467, "longitude": -79.393126}, "2890 DUNDAS ST W": {"latitude": 43.6655337, "longitude": -79.4659374}, "148 TECUMSETH ST": {"latitude": 43.64608885, "longitude": -79.40661905}, "3039 FINCH AVE W": {"latitude": 43.745609, "longitude": -79.56258940482405}, "27 COLLEGE ST": {"latitude": 52.9031092, "longitude": -1.2824121983195012}, "10 MACEY AVE": {"latitude": 43.6921662, "longitude": -79.2868903}}