{"132 FRONT ST E": {"latitude": 43.6503225, "longitude": -79.36956011194364}, "675 KING ST W": {"latitude": 43.643722, "longitude": -79.403183}, "1369 BLOOR ST W": {"latitude": 43.65740065, "longitude": -79.44573503556903}, "53 THORNCLIFFE PARK DR": {"latitude": 43.702876849999996, "longitude": -79.34154151979166}, "475 THE WEST MALL": {"latitude": 43.647661, "longitude": -79.5665457047331}, "30 SHORE BREEZE DR": {"latitude": 42.5664236, "longitude": -83.8250716}, "140 THE ESPLANADE": {"latitude": 43.6485714, "longitude": -79.3701379}, "381 FRONT ST W": {"latitude": 43.6427277, "longitude": -79.39262875701013}, "3 PARK HOME AVE": {"latitude": 43.7686171, "longitude": -79.4142455450493}, "10 ST LAWRENCE ST": {"latitude": 44.3548171, "longitude": -78.731105}, "41 ANTRIM CRES": {"latitude": -41.2476532, "longitude": 174.9561235}, "75 FRONT ST E": {"latitude": 43.6485681, "longitude": -79.3730418}, "25 COUGAR CRT": {"latitude": 43.7460115, "longitude": -79.21803961191067}, "27 QUEEN ST E": {"latitude": 43.6525726, "longitude": -79.3777128}, "28 EDWARD ST": {"latitude": 53.71432195, "longitude": -1.4217511545616457}, "2 LINDEN ST": {"latitude": 52.966395500000004, "longitude": -1.142025849999997}, "4685 YONGE ST": {"latitude": 43.758622100000004, "longitude": -79.4100325375}, "169 EASTERN AVE": {"latitude": 42.6288397, "longitude": -70.75093846236307}, "5229 DUNDAS ST W": {"latitude": 43.63934965, "longitude": -79.5364311427862}, "1167 ST CLAIR AVE W": {"latitude": 43.6778209, "longitude": -79.4427177}, "20 BRANT ST": {"latitude": 43.6457315, "longitude": -79.3982244}, "255 RICHMOND ST E": {"latitude": 43.6529266, "longitude": -79.3702731703352}, "3231 EGLINTON AVE E": {"latitude": 43.7439149, "longitude": -79.2144402}, "4 K SPADINA AVE": {"latitude": 43.640889, "longitude": -79.3935906}, "3680 KEELE ST": {"latitude": 43.7543883, "longitude": -79.4889104}, "39 BIRCHVIEW BLVD": {"latitude": 43.6475888, "longitude": -79.5142391}, "80 CUMBERLAND ST": {"latitude": 44.8070816, "longitude": -68.7708124}, "1612 DANFORTH AVENUE": {"latitude": 43.683651836756255, "longitude": -79.3228756665591}, "7 KENASTON GDNS": {"latitude": 43.76673909139377, "longitude": -79.38588205967798}, "35 BRIAN PECK CRES": {"latitude": 43.7143865, "longitude": -79.3546043}, "115 LONG BRANCH AVE": {"latitude": 43.5959735, "longitude": -79.53413945158215}, "5 SHADY GOLFWAY": {"latitude": 43.7180325, "longitude": -79.32599487837838}, "75 ST NICHOLAS ST": {"latitude": 43.667731, "longitude": -79.386616}, "41 LOWER RIVER ST": {"latitude": 43.656325, "longitude": -79.3553819}, "51 BROOKWELL DR": {"latitude": 43.7441628, "longitude": -79.49559963024296}, "33 FRASER AVE": {"latitude": 55.9724424, "longitude": -3.2172769}, "9 IRWIN AVE": {"latitude": 52.39261775, "longitude": -1.9973410500000002}, "86 LOMBARD ST": {"latitude": -40.354941, "longitude": 175.6063605}, "37 MAITLAND ST": {"latitude": -46.0849686, "longitude": 168.9558488}, "46 PANORAMA COURT": {"latitude": 43.7481525, "longitude": -79.5784711701157}, "7 BREADALBANE ST": {"latitude": -27.5120183, "longitude": 153.1048136}, "21 TUBMAN AVE": {"latitude": 39.734929, "longitude": -84.242498}, "125 BREMNER BLVD": {"latitude": 43.6424107, "longitude": -79.38293}, "238 ALBION ROAD": {"latitude": 43.7229765, "longitude": -79.54371858031675}, "4062 LAWRENCE AVE E": {"latitude": 43.76613798, "longitude": -79.19701554666666}, "85 BLEECKER ST": {"latitude": 43.665149, "longitude": -79.37225868905122}, "172 JOHN ST": {"latitude": 41.1363662, "longitude": -73.2871364}, "35 VALLEY WOODS RD": {"latitude": 43.7546275, "longitude": -79.3324827268977}, "717 BAY ST": {"latitude": 43.6589733, "longitude": -79.3848031}, "1 WILLINGDON BLVD": {"latitude": 43.6480396, "longitude": -79.5100267}, "54 MCGILL ST": {"latitude": -41.7141053, "longitude": 171.7627671}, "51 LISGAR ST": {"latitude": 45.652145, "longitude": -64.062851}, "44 LONGBOURNE DRIVE": {"latitude": 43.6802563, "longitude": -79.5685981}, "15 GREENVIEW AVE": {"latitude": 40.3534809, "longitude": -74.6591681557083}, "3390 WESTON RD": {"latitude": 43.7483515, "longitude": -79.5418062}, "621 QUEEN ST W": {"latitude": -39.6344716, "longitude": 176.8373873}, "5124 DUNDAS ST W": {"latitude": 43.6443849, "longitude": -79.533138}, "28 TED ROGERS WAY": {"latitude": 43.67062675, "longitude": -79.38056705348306}, "312 ADELAIDE ST W": {"latitude": 43.647638, "longitude": -79.391717}, "15 VIKING LANE": {"latitude": 41.683913950000004, "longitude": -70.47249058791502}, "33 GERRARD ST E": {"latitude": 43.65938033333333, "longitude": -79.380274}, "20 HANNA AVE": {"latitude": 43.6375281, "longitude": -79.4193546}, "218 QUEENS QUAY W": {"latitude": 43.6399017, "longitude": -79.3824661}, "20 BALDWIN ST": {"latitude": 53.53527095, "longitude": -2.686831406035799}, "217 ST GEORGE ST": {"latitude": 43.162615, "longitude": -80.2814014}, "31 HILLSDALE AVE E": {"latitude": 43.70350811650485, "longitude": -79.39663639805826}, "136 AVENUE RD": {"latitude": 50.92109495, "longitude": -1.396932043409159}, "1530 DANFORTH AVE": {"latitude": 43.683257919999996, "longitude": -79.32470755}, "365 MURRAY ROSS PKWY": {"latitude": 43.7651995, "longitude": -79.5001093}, "75 GRAYDON HALL DR": {"latitude": 43.7642805, "longitude": -79.34410743482142}, "11 LILLIAN ST": {"latitude": -33.8737286, "longitude": 151.0371269}, "800 BAY ST": {"latitude": 41.2816757, "longitude": -73.9241424}, "20 ARMOURY ST": {"latitude": 54.7016108, "longitude": -1.598051}, "3 LEILA LANE": {"latitude": 41.9445297, "longitude": -72.4688173}, "106 FRONT ST E": {"latitude": 43.650121, "longitude": -79.3706647}, "363 SORAUREN AVE": {"latitude": 43.6498778, "longitude": -79.4446152}, "192 SPADINA AVE": {"latitude": 43.650145, "longitude": -79.397206}, "1019 SHEPPARD AVE E": {"latitude": 43.7694408, "longitude": -79.37167340173423}, "250 GLADSTONE AVE": {"latitude": 43.65027056, "longitude": -79.43029585555554}, "362 SPADINA AVE": {"latitude": 43.654679, "longitude": -79.3990475}, "77 FINCH AVE E": {"latitude": 43.7805746, "longitude": -79.4109441}, "33 ERSKINE AVE": {"latitude": 43.7110835, "longitude": -79.3978275013248}, "474 COLLEGE ST": {"latitude": 44.1158281, "longitude": -70.1972722}, "80 JOE SHUSTER WAY": {"latitude": 43.64138805, "longitude": -79.42748808974241}, "490 FRONT ST E": {"latitude": 43.6535768, "longitude": -79.3543976}, "1328 BIRCHMOUNT RD": {"latitude": 43.6982094, "longitude": -79.2644681}, "695 LANSDOWNE AVE": {"latitude": 43.6590993, "longitude": -79.4427941}, "1154 WILSON AVE": {"latitude": 40.6935172, "longitude": -73.55899170462916}, "11 ELDON AVE": {"latitude": 51.65864295, "longitude": -0.2724083500000013}, "90 BURROWS HALL BLVD": {"latitude": 43.7919955, "longitude": -79.2320647}, "36 HOWARD PARK AVE": {"latitude": 43.65189387899022, "longitude": -79.44974978028911}, "985 COXWELL AVE": {"latitude": 43.696523899999995, "longitude": -79.32880453333333}, "23 LORRAINE DR": {"latitude": 43.77805435, "longitude": -79.4166885363577}, "650 KING ST W": {"latitude": 43.89228696363636, "longitude": -78.88787608181818}, "75 DALHOUSIE ST": {"latitude": 43.1391549, "longitude": -80.2650895}, "2006 QUEEN ST E": {"latitude": 46.500006, "longitude": -84.2666595}, "995 BAY ST": {"latitude": 43.66524, "longitude": -79.387417}, "25 NELSON ST": {"latitude": 51.8092723, "longitude": 1.02396269999999}, "101 PETER ST": {"latitude": 41.894704700000005, "longitude": -71.02154076029404}, "38 ST PATRICK ST": {"latitude": 54.1771819, "longitude": -6.34581805}}