{"40 TARLTON RD": {"latitude": 43.702964876923076, "longitude": -79.41309732307693}, "326 CARLAW AVE": {"latitude": 43.66441004000001, "longitude": -79.3416203}, "1401 DUPONT ST": {"latitude": 43.6665476, "longitude": -79.4466357}, "17 LASCELLES BLVD": {"latitude": 43.69489595, "longitude": -79.3990878044863}, "64 DUNCANNON DR": {"latitude": 43.703295, "longitude": -79.4119782}, "1615 DUNDAS ST E": {"latitude": 43.66649525, "longitude": -79.32803030306215}, "54 MACKAY AVE": {"latitude": 43.6766874, "longitude": -79.4451812}, "82 MAITLAND ST": {"latitude": 43.664758, "longitude": -79.380416}, "35 ORMSKIRK AVE": {"latitude": 43.639247749999996, "longitude": -79.47497614609405}, "1050 THE QUEENSWAY": {"latitude": 43.623345549999996, "longitude": -79.51735706549621}, "7 CAPRI RD": {"latitude": 43.6528086, "longitude": -79.56476066255306}, "45 SOUTHPORT ST": {"latitude": 43.63909030000001, "longitude": -79.47250959233506}, "1040 THE QUEENSWAY": {"latitude": 43.62359505, "longitude": -79.51623652516926}, "314 RONCESVALLES AVE": {"latitude": 43.6497573, "longitude": -79.4505552}, "210 KING ST E": {"latitude": 43.9111467, "longitude": -78.6783714}, "1 ROWNTREE RD": {"latitude": 43.7512203, "longitude": -79.58306743407329}, "87 SCOLLARD ST": {"latitude": 43.671891634615385, "longitude": -79.39124248846154}, "20 CARLTON ST": {"latitude": 53.72671035, "longitude": -1.3497811216902806}, "120 ROXTON RD": {"latitude": 43.6527952, "longitude": -79.4210127}, "2 SHAW ST": {"latitude": 53.537541250000004, "longitude": -2.009098887400484}, "140 ADANAC DR": {"latitude": 43.739442999999994, "longitude": -79.2153301845837}, "63 CARROLL ST": {"latitude": 48.015132, "longitude": -122.7834289}, "2270 MEADOWVALE RD": {"latitude": 43.83366758, "longitude": -79.18214868}, "1 CANYON AVE": {"latitude": 43.75643025, "longitude": -79.43670741739348}, "1350 DANFORTH RD": {"latitude": 43.744262, "longitude": -79.24574346666665}, "240 WELLESLEY ST E": {"latitude": 43.6680956, "longitude": -79.37175169795412}, "450 WINONA DR": {"latitude": 43.688764500000005, "longitude": -79.43620119547872}, "55 MILL ST": {"latitude": 51.798288, "longitude": 1.068943032675815}, "339 ASSINIBOINE RD": {"latitude": 43.7679584, "longitude": -79.5026648}, "38 ABELL ST": {"latitude": 43.64191745, "longitude": -79.42420594013072}, "25 WARRENDER AVE": {"latitude": 43.6750703, "longitude": -79.5522014}, "21 SULTAN ST": {"latitude": 43.668524, "longitude": -79.390817}, "20 NEW HEIGHTS CRT": {"latitude": 43.7215722, "longitude": -79.4459143}, "1 ST CLAIR AVE E": {"latitude": 43.6879125, "longitude": -79.3938207}, "63 HUNTLEY ST": {"latitude": 43.67080544444445, "longitude": -79.37868166666667}, "30 OKRA TOMAR CRES": {"latitude": 43.777057549999995, "longitude": -79.36551025168185}, "69 GRANGE AVE": {"latitude": 51.9029762, "longitude": -0.4631159424528305}, "77 MAITLAND PL": {"latitude": 43.66498555, "longitude": -79.37689512385495}, "30 HAYDEN ST": {"latitude": -27.367623, "longitude": 153.0860223}, "87 RICHMOND ST. EAST": {"latitude": 43.65257047826087, "longitude": -79.3745634347826}, "140 CARLTON ST": {"latitude": -37.6770503, "longitude": 176.1339225}, "2468 EGLINTON AVE W": {"latitude": 43.6918043, "longitude": -79.4679957}, "55 OAKMOUNT RD": {"latitude": 50.98528695, "longitude": -1.37089815}, "10 THOMPSON ST": {"latitude": -33.8191152, "longitude": 151.1294191}, "38 HOWARD PARK AVE": {"latitude": 43.651915200000005, "longitude": -79.44995199097744}, "261 JARVIS ST": {"latitude": 43.9056252, "longitude": -78.8610843}, "1525 DUNDAS ST W": {"latitude": 43.649023799999995, "longitude": -79.43236311131838}, "421 DUNDAS ST W": {"latitude": 44.1470212, "longitude": -77.4081694}, "300 BOROUGH DR": {"latitude": 43.7761341, "longitude": -79.25843763592165}, "20 DUNDAS ST W": {"latitude": 43.6565398, "longitude": -79.382409}, "50 WESTERN BATTERY RD": {"latitude": 43.639695599999996, "longitude": -79.41411427360971}, "1900 EGLINTON AVE E": {"latitude": 43.7278252, "longitude": -79.2958161}, "190 DAVENPORT RD": {"latitude": 42.1455135, "longitude": -76.94922893956311}, "30 CARABOB CRT": {"latitude": 43.781846, "longitude": -79.29667439795008}, "4801 DUFFERIN ST": {"latitude": 43.780731, "longitude": -79.4695995}, "550 BIRCHMOUNT RD": {"latitude": 43.711387, "longitude": -79.27063051933703}, "153 BEECROFT RD": {"latitude": 43.76524241399723, "longitude": -79.41472676963413}, "128 PEARS AVE": {"latitude": 43.675431700000004, "longitude": -79.3979367}, "440 SHUTER ST": {"latitude": 43.6582367, "longitude": -79.3599333}, "10 EDMUND AVE": {"latitude": 43.6824123, "longitude": -79.4006265}, "121 JEFFERSON AVE": {"latitude": 40.77044415, "longitude": -73.33593927179282}, "161 QUEENS WHARF RD": {"latitude": 43.639978, "longitude": -79.399172}, "360 BLOOR ST E": {"latitude": 43.6721777, "longitude": -79.3783574}, "75 BILLY BISHOP WAY": {"latitude": 43.7329331, "longitude": -79.4521446}, "42 TARLTON RD": {"latitude": 43.7030557, "longitude": -79.4131331}, "456 SPADINA AVE": {"latitude": 43.657312, "longitude": -79.40008}, "4978 YONGE ST": {"latitude": 43.7656679, "longitude": -79.4121702}, "620 UNIVERSITY AVE": {"latitude": 43.658517, "longitude": -79.390206}, "3330 WESTON RD": {"latitude": 43.7438148, "longitude": -79.5412163}, "44 MCGILL ST": {"latitude": -41.7145381, "longitude": 171.7617435}, "9 SINGER CRT": {"latitude": 40.457986700000006, "longitude": -74.30762259005101}, "59 EAST LIBERTY ST": {"latitude": 43.63838385, "longitude": -79.41357599999999}, "100 SUNNYSIDE AVE": {"latitude": 42.3699672, "longitude": -70.98445310019304}, "8 GODSTONE RD": {"latitude": 51.3294002, "longitude": -0.1079562}, "801 KING ST W": {"latitude": 43.6426395, "longitude": -79.4071858}, "8 GLADSTONE AVE": {"latitude": -33.727261, "longitude": 151.128424}, "348 WELLINGTON ST W": {"latitude": 43.6446157, "longitude": -79.3927775}, "317 QUEEN ST W": {"latitude": 43.25834338823529, "longitude": -81.15337118235294}, "1180 ST CLAIR AVE W": {"latitude": 43.67799548, "longitude": -79.44368578000001}, "95 LOMBARD ST": {"latitude": -40.3551188, "longitude": 175.6069115}, "2750 DANFORTH AVE": {"latitude": 43.689276, "longitude": -79.29743935}, "23 TORONTO ST": {"latitude": -46.1016533, "longitude": 168.955405}, "238 ALBION RD": {"latitude": 43.7229765, "longitude": -79.54371858031675}, "100 CONSILIUM PL": {"latitude": 43.7770012, "longitude": -79.2523348}, "79 MONTGOMERY AVE": {"latitude": 40.9791229, "longitude": -73.8077637}, "184 RIVER ST": {"latitude": 42.769419549999995, "longitude": -71.09069804999999}, "62 DUNCANNON DR": {"latitude": 43.70318588, "longitude": -79.41193559999999}, "110 CHESTNUT ST": {"latitude": 44.202808, "longitude": -69.0612637}, "23 BEDFORD PARK AVENUE": {"latitude": 43.7267862, "longitude": -79.40367855622418}, "8 GRENVILLE ST": {"latitude": -41.2208905, "longitude": 174.9135492}, "5 SHUTER ST": {"latitude": 44.09750103157895, "longitude": -77.5777604368421}, "155 DALHOUSIE ST": {"latitude": 45.4332242, "longitude": -75.69461525}, "125 SCOLLARD ST": {"latitude": 43.6715956, "longitude": -79.3926699}, "5 QUEENS QUAY W": {"latitude": 43.6414677, "longitude": -79.3751968}, "10 BOULTBEE AVE": {"latitude": 43.6722889, "longitude": -79.3392058}, "360 COLLEGE ST": {"latitude": 52.9121729, "longitude": -1.28808495}, "175 HURON ST": {"latitude": 43.6197226, "longitude": -81.5453384}, "60 ST GEORGE ST": {"latitude": 44.6128851, "longitude": -65.7614371}, "1095 ST CLAIR AVE W": {"latitude": 43.678381844444445, "longitude": -79.44045283333332}, "2464 WESTON RD": {"latitude": 43.7080585, "longitude": -79.53474139334863}}