{"49 EAST LIBERTY ST": {"latitude": 43.638846, "longitude": -79.41255399999999}, "23 ELMWOOD AVE": {"latitude": 53.203571100000005, "longitude": -2.874361250000003}, "435 RICHMOND ST W": {"latitude": 43.6477135625, "longitude": -79.39698975}, "326 ADELAIDE ST W": {"latitude": 43.6476812, "longitude": -79.3921653}, "2 ST THOMAS ST": {"latitude": 10.658035, "longitude": -61.503931}, "35 HUNTLEY ST": {"latitude": 43.66990642857142, "longitude": -79.37829871428572}, "50 REGENT PARK BLVD": {"latitude": 35.59093487943347, "longitude": -82.58245109095161}, "70 CHARLES ST W": {"latitude": 43.668234, "longitude": -79.389175}, "87 SIR WILLIAM HEARST AVE": {"latitude": 43.7234478, "longitude": -79.4868565}, "17 EATON AVE": {"latitude": -26.043685349999997, "longitude": 28.02048601964018}, "25 BROADWAY AVE": {"latitude": 42.6796412, "longitude": -70.84673533891421}, "8 COLBORNE ST": {"latitude": 43.0304857, "longitude": -80.3338179}, "1 PALACE PIER CRT": {"latitude": 43.6314871, "longitude": -79.47263795630332}, "345 DRIFTWOOD AVE": {"latitude": 43.7676015, "longitude": -79.5122136747492}, "3145 LAKE SHORE BLVD W": {"latitude": 43.6357286, "longitude": -79.4037966}, "36 STADIUM RD": {"latitude": 43.6337573, "longitude": -79.40050815000001}, "1 OLD MILL DR": {"latitude": 39.8481526, "longitude": -74.9582228}, "325 FRONT ST W": {"latitude": 43.64327185, "longitude": -79.38990701657752}, "6 ELLERBECK ST": {"latitude": 43.6795322, "longitude": -79.3568536}, "66 GEORGE ST": {"latitude": 55.9529425, "longitude": -3.1998125}, "275 YORKLAND BLVD": {"latitude": 43.7745824, "longitude": -79.3370526}, "110 DOVERCOURT RD": {"latitude": 51.485157900000004, "longitude": -2.57593684728032}, "16 CARLUKE CRES": {"latitude": 43.7610101, "longitude": -79.393095665}, "2 NURSEWOOD RD": {"latitude": 43.6718159, "longitude": -79.280433}, "425 QUEEN ST W": {"latitude": 43.6488101, "longitude": -79.3953603}, "1501 YONGE STREET": {"latitude": 43.68925555, "longitude": -79.39372622338841}, "20 CARLUKE CRES": {"latitude": 43.76115625, "longitude": -79.39160596587138}, "222 THE ESPLANADE": {"latitude": -41.3434056, "longitude": 174.774618}, "70 CASS AVE": {"latitude": 42.005306, "longitude": -71.49777921341465}, "111 AVENUE RD": {"latitude": 50.92120765, "longitude": -1.3979859772384389}, "394 ROYAL YORK RD": {"latitude": 43.6189725, "longitude": -79.4997305}, "604 KING ST W": {"latitude": 43.6445176, "longitude": -79.4003676}, "242 JOHN GARLAND BLVD": {"latitude": 43.7329061, "longitude": -79.5925165909091}, "12 DENISON SQ": {"latitude": 43.6538627, "longitude": -79.4018233}, "525 RICHMOND ST W": {"latitude": 43.647057, "longitude": -79.400254}, "86 NELSON ST": {"latitude": 52.477535, "longitude": -0.9290834}, "735 COLLEGE ST": {"latitude": 30.3180012, "longitude": -81.681157}, "251 VICTORIA ST": {"latitude": -41.29646595, "longitude": 174.7718068489468}, "224 MERTON ST": {"latitude": 43.6978027, "longitude": -79.3894985}, "320 DANFORTH AVE": {"latitude": 43.6774596, "longitude": -79.3531237}, "219 FRONT ST E": {"latitude": 43.65075918181819, "longitude": -79.36585590909091}, "220 WOOLNER AVE": {"latitude": 43.671863, "longitude": -79.49277}, "101 ROBINSON ST": {"latitude": 53.5381299, "longitude": -2.1415235}, "933 ST CLAIR AVE W": {"latitude": 43.6795798, "longitude": -79.43507637777778}, "33 CUMBERLAND ST": {"latitude": 42.9303469, "longitude": -78.6620569}, "438 KING ST W": {"latitude": 43.6459435, "longitude": -79.3949119}, "137 JEFFERSON AVE": {"latitude": 41.07868055, "longitude": -73.7751030174609}, "305 ROEHAMPTON AVE": {"latitude": 43.709566699999996, "longitude": -79.3886097772513}, "2 OXFORD ST": {"latitude": -33.8618301, "longitude": 151.0346667}, "92 YORKVILLE AVE": {"latitude": 43.6711317, "longitude": -79.3921498}, "214 GILLARD AVE": {"latitude": 43.6821583, "longitude": -79.3283109}, "777 VICTORIA PARK AVENUE": {"latitude": 43.6944951, "longitude": -79.2894727}, "1560 BAYVIEW AVE": {"latitude": 43.7051919, "longitude": -79.3751537}, "116 JOSEPH DUGGAN RD": {"latitude": 43.6677192, "longitude": -79.3079493}, "57 CHARLES ST W": {"latitude": 43.66771785, "longitude": -79.38947628270873}, "151 PEARL ST": {"latitude": 42.2375234, "longitude": -70.94754445}, "299 ROEHAMPTON AVE": {"latitude": 43.709535349999996, "longitude": -79.38947940243452}, "54 GLENDALE AVE": {"latitude": 51.3784886, "longitude": -1.3472394097883926}, "428 SPADINA AVE": {"latitude": 43.65655066666667, "longitude": -79.39977541666667}, "71 CASS AVE": {"latitude": 42.8784138, "longitude": -78.7812549}, "318 QUEEN ST W": {"latitude": 43.701927, "longitude": -80.378529}, "500 DAWES RD": {"latitude": 43.7033135, "longitude": -79.29816090873462}, "77 AVENUE RD": {"latitude": 51.668695, "longitude": 0.3760639}, "21 CANNIFF ST": {"latitude": 43.64122235, "longitude": -79.41121125814696}, "199 ROEHAMPTON AVE": {"latitude": 43.709047749999996, "longitude": -79.39211369932757}, "21 GRAND MAGAZINE ST": {"latitude": 43.6365496, "longitude": -79.4023142}, "545 LAKESHORE BLVD W": {"latitude": 33.6158799, "longitude": -88.6614126}, "237 VICTORIA ST": {"latitude": -37.7885765, "longitude": 175.2840274}, "20 EATON AVE": {"latitude": 44.67091915, "longitude": -63.561282309327396}, "339 QUEEN ST W": {"latitude": 43.258278682352945, "longitude": -81.15392752352942}, "14 COLLEGE ST": {"latitude": 50.81995845, "longitude": -0.12346899999999847}, "745 DANFORTH AVE": {"latitude": 43.67926386923077, "longitude": -79.34255371923078}, "365 LIPPINCOTT STREET": {"latitude": 43.6652373, "longitude": -79.4098034}, "26 MARKET ST": {"latitude": 52.2444477, "longitude": 0.4060093}, "170 ELIZABETH ST": {"latitude": 40.7209019, "longitude": -73.9946997}, "320 MCCOWAN RD": {"latitude": 43.7365832, "longitude": -79.23872450000002}, "77 PORTLAND ST": {"latitude": 52.624407, "longitude": 1.273768936797786}, "32 DAVENPORT RD": {"latitude": 46.139258, "longitude": -60.177031}, "188 LOWTHER AVE": {"latitude": 43.6683203, "longitude": -79.4073169}, "1235 BAY ST": {"latitude": 42.132435400000006, "longitude": -72.54315445539484}, "736 BAY ST": {"latitude": 37.8051513, "longitude": -122.4192291585353}, "6061 YONGE ST": {"latitude": 43.7900442, "longitude": -79.4176928}, "150 LONG BRANCH AVE": {"latitude": 43.59643655, "longitude": -79.53523749305172}, "4020 DUNDAS ST W": {"latitude": 43.6644154, "longitude": -79.5032851}, "88 CHARLES ST E": {"latitude": 45.31255565, "longitude": -65.97355500285875}, "135 TYNDALL AVE": {"latitude": 43.637689550000005, "longitude": -79.42829857362983}, "816 LANSDOWNE AVENUE": {"latitude": 43.6662694, "longitude": -79.4464594}, "625 QUEEN ST W": {"latitude": 43.671548099999995, "longitude": -79.77379366884387}, "22 SHEPPARD ST": {"latitude": 44.7133934, "longitude": -79.6390037}, "426 ST GERMAIN AVE": {"latitude": 43.7290255, "longitude": -79.418064}, "137 LINDYLOU RD": {"latitude": 43.749004799999994, "longitude": -79.55044194180468}, "130 WIDDICOMBE HILL BOULEVARD": {"latitude": 43.67594665, "longitude": -79.55813282178906}, "789 ST CLAIR AVE W": {"latitude": 43.6807597, "longitude": -79.4295636}, "40 LOWER RIVER ST": {"latitude": 43.6562958, "longitude": -79.3557637}, "109 PEMBROKE ST": {"latitude": 41.7937963, "longitude": -72.6991495}, "252 BLOOR ST W": {"latitude": 43.6682116, "longitude": -79.39849949589762}, "430 RONCESVALLES AVE": {"latitude": 43.6517714, "longitude": -79.4518466}, "180 JOHN ST": {"latitude": 42.4090439, "longitude": -71.68949247673228}, "88 PARKMOUNT RD": {"latitude": 54.8731067, "longitude": -6.2885697}, "14 CARLUKE CRES": {"latitude": 43.7604807, "longitude": -79.39270939390524}}