{"89 DUNFIELD AVE": {"latitude": 43.7061055, "longitude": -79.3949943}, "165 DALHOUSIE ST": {"latitude": 45.433057000000005, "longitude": -75.69446329077621}, "1325 QUEEN ST W": {"latitude": 43.85680215059704, "longitude": -80.07235002634846}, "80 PARK LAWN RD": {"latitude": 43.6248373, "longitude": -79.4850353}, "508 WELLINGTON ST W": {"latitude": 46.529607809400545, "longitude": -84.34964390408948}, "120 FRONT ST E": {"latitude": 43.6500915, "longitude": -79.3699677}, "55 TWYN RIVERS DR": {"latitude": 43.8157361, "longitude": -79.1454582}, "19 EVA RD": {"latitude": 51.37477965, "longitude": 0.5510306000000004}, "4211 YONGE ST": {"latitude": 43.7476461, "longitude": -79.4068907}, "590 KING ST W": {"latitude": 43.6446536, "longitude": -79.3997578}, "66 BROADWAY AVE": {"latitude": 41.8475433, "longitude": -73.5606791}, "288 BREMNER BLVD": {"latitude": 43.64248355, "longitude": -79.3861266102009}, "365 BAY MILLS BLVD": {"latitude": 43.781226000000004, "longitude": -79.30083053889754}, "4 SHAW ST": {"latitude": 53.5375891, "longitude": -2.009046428175723}, "65 LA PLANTE AVE": {"latitude": 42.5188488, "longitude": -96.4767518}, "16 BONNYCASTLE ST": {"latitude": 43.645885657142856, "longitude": -79.36443497142857}, "1345 ST CLAIR AVE W": {"latitude": 43.67614725, "longitude": -79.450216625}, "263 PHARMACY AVE": {"latitude": 43.69986, "longitude": -79.28493496871641}, "812 LANSDOWNE AVE": {"latitude": 43.6652415, "longitude": -79.4460508}, "10 NORTHTOWN WAY": {"latitude": 43.7755868, "longitude": -79.4131089}, "5351 YONGE ST": {"latitude": 43.7757159, "longitude": -79.4142296}, "255 KENNEDY AVENUE": {"latitude": 42.6243266, "longitude": -79.0895}, "10 EMPRESS AVE.": {"latitude": 51.56106365, "longitude": 0.03942218808290071}, "2055 ELLESMERE RD": {"latitude": 43.7756566, "longitude": -79.234703}, "120 RAGLAN AVE": {"latitude": 43.6875272, "longitude": -79.421532}, "30 CHARLES ST E": {"latitude": 43.6691821, "longitude": -79.38478604258898}, "28 LINDEN ST": {"latitude": 42.50875685, "longitude": -70.89332810065156}, "112 MERTON ST": {"latitude": 43.6970088, "longitude": -79.39282}, "73 REGENT PARK BLVD": {"latitude": 43.6601081, "longitude": -79.3613455}, "70 BOND ST": {"latitude": 47.56830705, "longitude": -52.70682459785714}, "181 WYNFORD DR": {"latitude": 43.7250886, "longitude": -79.3260777}, "60 ST PATRICK ST": {"latitude": 42.4006849, "longitude": -82.1753135}, "150 BLOOR ST W": {"latitude": 43.6692875, "longitude": -79.3936995}, "177 MUTUAL ST": {"latitude": 43.65956825, "longitude": -79.37646622145053}, "10 NELSON ST": {"latitude": 52.636589799999996, "longitude": 1.2757759850640615}, "20 ZACHARY CRT": {"latitude": 40.625414, "longitude": -74.13112915891813}, "35 FRONT ST E": {"latitude": 44.2963999, "longitude": -77.5459028}, "86 YORKVILLE AVE": {"latitude": 43.671139625, "longitude": -79.39164725}, "20 GAMBLE AVE": {"latitude": 43.6895726, "longitude": -79.3537391}, "9 BONAR PLACE": {"latitude": -43.5376558, "longitude": 172.6733037}, "117 HAMMERSMITH AVE": {"latitude": 43.671596, "longitude": -79.2944524}, "328 QUEEN ST W": {"latitude": 43.25804044117647, "longitude": -81.15368493529411}, "526 ST CLAIR AVE W": {"latitude": 43.6831448, "longitude": -79.4193748}, "95 THE ESPLANADE": {"latitude": 50.6140951, "longitude": -2.45325855}, "1 ALBERT ST": {"latitude": -43.4814205, "longitude": 171.9341507}, "27 RONCESVALLES AVE": {"latitude": 43.6397756, "longitude": -79.4462304}, "45 ST LAWRENCE ST": {"latitude": 44.8966853, "longitude": -75.1849997}, "101 HUMBER COLLEGE BLVD": {"latitude": 43.7290756, "longitude": -79.59788584813774}, "80 BLUE JAYS WAY": {"latitude": 43.64559035483871, "longitude": -79.39226096774193}, "800 ADELAIDE ST W": {"latitude": 43.6439581, "longitude": -79.41031753283127}, "661 GERRARD ST E": {"latitude": 43.6659061523444, "longitude": -79.34990633015752}, "35 DUNCAN ST": {"latitude": 10.651581, "longitude": -61.50607}, "106 JOHN ST": {"latitude": 53.30964575, "longitude": -1.1300087854273446}, "208 QUEENS QUAY W": {"latitude": 43.6399699, "longitude": -79.3812666}, "3 MICHAEL POWER PLACE": {"latitude": 43.643963, "longitude": -79.529496}, "225 VILLAGE GREEN SQ": {"latitude": 36.07786774808323, "longitude": -80.35259999539976}, "49 MABELLE AVE": {"latitude": 43.6449525, "longitude": -79.5286119323593}, "2450 WESTON RD": {"latitude": 43.7077734, "longitude": -79.5338087}, "1599 BAYVIEW AVE": {"latitude": 43.70613708245373, "longitude": -79.37514188345051}, "2 HEDGE END RD": {"latitude": 43.807834, "longitude": -79.1740679}, "666 SPADINA AVE": {"latitude": 43.66399215, "longitude": -79.4030293}, "941 PROGRESS AVE": {"latitude": 43.7857924, "longitude": -79.22780957535817}, "80 COOPERAGE ST": {"latitude": 43.653246550000006, "longitude": -79.35723933356698}, "6 GLAMORGAN AVE": {"latitude": 43.769504999999995, "longitude": -79.284823106993}, "33 LOMBARD ST": {"latitude": 42.21194625, "longitude": -72.56472927188048}, "26 GIBBS RD": {"latitude": 51.58977605, "longitude": -2.960581300000004}, "83 TANNERY RD.": {"latitude": 43.6650509, "longitude": -73.7621603}, "170 FORT YORK BLVD": {"latitude": 43.63943345, "longitude": -79.39972759226308}, "185 FREDERICK ST": {"latitude": 43.651146, "longitude": -79.369395}, "65 GEORGE APPLETON WAY": {"latitude": 43.72517326423947, "longitude": -79.4810194566244}, "22 FIELDWAY RD": {"latitude": 43.6427915, "longitude": -79.5268747}, "1709 BLOOR ST W": {"latitude": 43.6547458, "longitude": -79.4590433}, "1612 DANFORTH AVE": {"latitude": 43.683651836756255, "longitude": -79.3228756665591}, "7 MONKTON AVE": {"latitude": -30.512759600000003, "longitude": 151.6522251}, "88 CUMBERLAND ST": {"latitude": 44.8071304, "longitude": -68.7704708}, "100 ALEXANDER ST": {"latitude": 42.270811800000004, "longitude": -71.41434709800373}, "1276 ISLINGTON AVE": {"latitude": 43.647706, "longitude": -79.52579927777778}, "800 KING ST W": {"latitude": 43.6432169, "longitude": -79.40718782530428}, "40 SCOLLARD ST": {"latitude": 43.672532000000004, "longitude": -79.38950109705144}, "770 BAY ST": {"latitude": 42.12782415, "longitude": -72.55809145912727}, "15 ORTON PARK RD": {"latitude": 43.765210999999994, "longitude": -79.20540608695651}, "1 JACKSON AVE": {"latitude": 52.926425800000004, "longitude": -1.2966650000000017}, "271 FRONT ST E": {"latitude": 43.65144, "longitude": -79.362838}, "400 KEELE ST": {"latitude": 43.666287, "longitude": -79.4651178}, "2464 WESTON ROAD": {"latitude": 43.7080585, "longitude": -79.53474139334863}, "41 FRASER AVE": {"latitude": 55.972407, "longitude": -3.2176547}, "2020 DON MILLS RD": {"latitude": 43.762682999999996, "longitude": -79.34784856571322}, "444 RICHMOND ST W": {"latitude": 43.647879, "longitude": -79.3971026}, "36 VIA BAGNATO": {"latitude": 43.71498575, "longitude": -79.45321183251934}, "136 BROADVIEW AVE": {"latitude": 43.437922401699105, "longitude": -80.44837651263718}, "3735 DUNDAS ST W": {"latitude": 43.6649545, "longitude": -79.49911490014809}, "20 DE BOERS DR": {"latitude": 43.751490331709704, "longitude": -79.46483791509972}, "171 FRONT ST E": {"latitude": 43.6499639, "longitude": -79.3684534}, "60 JOE SHUSTER WAY": {"latitude": 43.6406255, "longitude": -79.42606581127569}, "180 DANFORTH AVE": {"latitude": 43.676832649999994, "longitude": -79.35696461873654}, "6 EVA RD": {"latitude": 51.3749457, "longitude": 0.551396752590336}, "1 SHORTT STREET": {"latitude": 43.6956054, "longitude": -79.4514807}, "701 WARDEN AVENUE": {"latitude": 43.7111204, "longitude": -79.2790432}, "54 DALHOUSIE STREET": {"latitude": 43.139414, "longitude": -80.2660657}, "366 THE EAST MALL": {"latitude": 43.64346, "longitude": -79.558676}}