{"375 BAY MILLS BLVD": {"latitude": 43.7834095, "longitude": -79.2995177}, "65 WESTERN BATTERY RD": {"latitude": 43.6400067, "longitude": -79.4140823}, "30 FALSTAFF AVE": {"latitude": 53.6317189, "longitude": -113.5974187}, "18 STAFFORD ST": {"latitude": -42.3642746, "longitude": 171.4102075}, "177 REDPATH AVE": {"latitude": 43.7098032, "longitude": -79.39312398627649}, "697 KING ST W": {"latitude": 43.643633083333334, "longitude": -79.40362025}, "171 SPADINA AVE": {"latitude": 46.52711180714286, "longitude": -84.38405480714286}, "52 FREDERICK ST": {"latitude": 51.52804785, "longitude": -0.11768776798673519}, "5233 DUNDAS ST W": {"latitude": 43.63886735, "longitude": -79.53691409999999}, "551 THE WEST MALL": {"latitude": 43.6520366, "longitude": -79.5701901}, "443 ADELAIDE ST W": {"latitude": 43.645965, "longitude": -79.3988034}, "166 PEARL ST": {"latitude": 42.996484699999996, "longitude": -71.45743524259993}, "390 COLLEGE ST": {"latitude": 42.3732036, "longitude": -72.50089457181325}, "185 LEGION RD N": {"latitude": 43.624638950000005, "longitude": -79.48849664590517}, "388 RICHMOND ST W": {"latitude": 43.6481352, "longitude": -79.3951509}, "31 PRINCESS ST": {"latitude": 53.4797118, "longitude": -2.243939}, "5095 YONGE ST": {"latitude": 43.7692555, "longitude": -79.4122955}, "17 BARBERRY PL": {"latitude": 43.7651164, "longitude": -79.38498922886427}, "5001 YONGE ST": {"latitude": 44.194033, "longitude": -79.5840163}, "575 MORTIMER AVE": {"latitude": 40.41380934897159, "longitude": -79.82969508322901}, "285 SHUTER ST": {"latitude": 43.6560299, "longitude": -79.367134161454}, "225 WELLESLEY ST E": {"latitude": 43.6673165, "longitude": -79.37252777209727}, "346 QUEEN ST W": {"latitude": 43.6491847, "longitude": -79.395257}, "36 BRENTWOOD RD N": {"latitude": 43.647365949999994, "longitude": -79.51427036565227}, "15 ROXBOROUGH ST E": {"latitude": 43.6779976, "longitude": -79.3887175}, "235 SHERWAY GARDENS RD": {"latitude": 43.6092484, "longitude": -79.55898769029126}, "17 RIVERVIEW GARDENS": {"latitude": 10.674088, "longitude": -61.411733}, "2757 KIPLING AVE": {"latitude": 43.7546458, "longitude": -79.5873906}, "171 WILLIAM DUNCAN RD": {"latitude": 43.7359212, "longitude": -79.4756813}, "50 COSBURN AVE": {"latitude": 43.6891113, "longitude": -79.35187443800848}, "77 DUNFIELD AVE": {"latitude": 43.70670295, "longitude": -79.39461612052744}, "1835 YONGE ST": {"latitude": 43.6966496, "longitude": -79.3960191}, "69 YONGE ST": {"latitude": 43.649079, "longitude": -79.3776658}, "21 POTSDAM RD": {"latitude": 43.75946105, "longitude": -79.51034405479894}, "60 BERWICK AVE": {"latitude": 43.7043217, "longitude": -79.3994374}, "399 ADELAIDE ST W": {"latitude": 43.6462445, "longitude": -79.3974805}, "18 LOWER JARVIS ST": {"latitude": 43.6474748, "longitude": -79.3709243}, "15 GRENVILLE ST": {"latitude": -40.6187538, "longitude": 175.2717073}, "18 SPRING GARDEN AVE": {"latitude": 45.343192, "longitude": -75.73738390007088}, "500 TRETHEWEY DRIVE": {"latitude": 43.6938343, "longitude": -79.4811494}, "61 QUEEN ST E": {"latitude": 43.652917, "longitude": -79.376483}, "18 OSSINGTON AVE": {"latitude": 45.391199, "longitude": -75.68260517105264}, "88 COLGATE AVE": {"latitude": 40.9570704, "longitude": -73.8844524}, "5 COLONEL SAMUEL SMITH PARK DR": {"latitude": 43.5961328, "longitude": -79.5160266}, "797 DON MILLS RD": {"latitude": 43.719479, "longitude": -79.33768917163228}, "5100 YONGE ST": {"latitude": 43.7672407, "longitude": -79.41466963638143}, "236 FRONT ST E": {"latitude": 42.9619189, "longitude": -81.61479560000001}, "160 ERSKINE AVE": {"latitude": 43.712656499999994, "longitude": -79.39308693902439}, "383 SORAUREN AVE": {"latitude": 43.65030215, "longitude": -79.44447759924643}, "73 RICHMOND ST W": {"latitude": 43.650817, "longitude": -79.382441}, "21 DUNDAS SQ": {"latitude": 43.65585457142857, "longitude": -79.37986357142857}, "95 ST JOSEPH ST": {"latitude": 43.6651345, "longitude": -79.389082}, "80 HARRISON GARDEN BLVD": {"latitude": 43.756331, "longitude": -79.40578116709267}, "30 BAY ST": {"latitude": 42.110590349999995, "longitude": -72.57333735011112}, "93 PETER ST": {"latitude": 42.9400856, "longitude": -78.8878812}, "2200 LAKE SHORE BLVD W": {"latitude": 43.6229142, "longitude": -79.4816461}, "1990 BLOOR ST W": {"latitude": 43.65309125, "longitude": -79.4690459038265}, "90 EGLINTON AVE W": {"latitude": 43.706215, "longitude": -79.401323}, "1 PEEL AVE": {"latitude": 53.303603800000005, "longitude": -0.9276794999999993}, "52 STEWART ST": {"latitude": 42.095564800000005, "longitude": -71.36550291019225}, "75 THE DONWAY WEST": {"latitude": 43.73276, "longitude": -79.34564225}, "1 ORIOLE RD": {"latitude": 42.8186726, "longitude": -71.30338045}, "115 BOND ST": {"latitude": 43.65733525, "longitude": -79.37837754168032}, "12 LOWTHER AVE": {"latitude": 54.84936655, "longitude": -1.5882117499999995}, "6 SHERWOOD AVE": {"latitude": 51.337281399999995, "longitude": 0.5260531507806868}, "251 SPADINA AVE": {"latitude": 43.6518059, "longitude": -79.3972757}, "410 ADELAIDE ST W": {"latitude": 43.6467308, "longitude": -79.3967447}, "51 TROLLEY CRES": {"latitude": 43.6558713, "longitude": -79.3549495}, "115 BLUE JAYS WAY": {"latitude": 43.645507499999994, "longitude": -79.3919735}, "95 ST CLAIR AVE W": {"latitude": 43.6867816, "longitude": -79.3985795}, "62 FOREST MANOR RD": {"latitude": 39.825400691785184, "longitude": -75.910355713952}, "35 SARANAC BLVD": {"latitude": 43.72266, "longitude": -79.432133}, "53 MUTUAL ST": {"latitude": 43.6554072, "longitude": -79.37494455999999}, "11 FINCH AVE W": {"latitude": 43.7795817, "longitude": -79.4157652}, "18 YONGE ST": {"latitude": 43.6443947, "longitude": -79.37652431780904}, "225 RICHMOND ST W": {"latitude": 43.6491214, "longitude": -79.3892214}, "20 FALSTAFF AVE": {"latitude": 53.63236885, "longitude": -113.59847378419828}, "165 LEGION RD N": {"latitude": 43.6240098, "longitude": -79.4884115}, "10 SUMMERHILL AVE": {"latitude": 42.3056172, "longitude": -71.79852754277695}, "7 WALKER AVE": {"latitude": 44.1113316, "longitude": -70.203142}, "69 HOLLY ST": {"latitude": 34.7344449, "longitude": -78.79111370124534}, "81 ELIZABETH ST": {"latitude": 40.7180324, "longitude": -73.9961782}, "15 STEPHANIE ST": {"latitude": -27.3711794, "longitude": 153.0168042}, "61 HEINTZMAN ST": {"latitude": 43.6669224, "longitude": -79.46386703007747}, "777 VICTORIA PARK AVE": {"latitude": 43.6944951, "longitude": -79.2894727}, "3850 SHEPPARD AVE E": {"latitude": 43.7840571, "longitude": -79.2928204}, "5 ROWNTREE RD": {"latitude": 43.74948385, "longitude": -79.58086565412545}, "87 RICHMOND ST E": {"latitude": 43.65257047826087, "longitude": -79.3745634347826}, "252 VICTORIA ST": {"latitude": -35.9341649, "longitude": 173.8844052}, "1166 BAY ST": {"latitude": 43.6686801, "longitude": -79.38947595106576}, "95 REDPATH AVE": {"latitude": 43.706943949999996, "longitude": -79.39203441047758}, "50 EAST LIBERTY ST": {"latitude": 43.6390263, "longitude": -79.41314545000003}, "20 WELLINGTON ST E": {"latitude": 43.5409698, "longitude": -80.2447365}, "20 TUBMAN AVE": {"latitude": 39.734929, "longitude": -84.242498}, "100 UNWIN AVE": {"latitude": 51.4606117, "longitude": -0.4326896}, "3947 LAWRENCE AVE E": {"latitude": 43.7643531, "longitude": -79.2036519}, "55 REGENT PARK BLVD": {"latitude": 35.591022767614184, "longitude": -82.58201661161928}, "31 ALEXANDER ST": {"latitude": 51.51719465, "longitude": -0.1923258950333671}, "105 WEST LODGE AVE": {"latitude": 43.64530275, "longitude": -79.43673554239825}, "2580 KIPLING AVE": {"latitude": 43.74766815, "longitude": -79.58610613310859}}