{"168 SIMCOE ST": {"latitude": 43.6499775, "longitude": -79.387318}, "60 PAVANE LINKWAY": {"latitude": 43.711338999999995, "longitude": -79.32271133023002}, "25 POLSON ST": {"latitude": -39.941056700000004, "longitude": 174.9918693145321}, "30 NIAGARA ST": {"latitude": 40.9461127, "longitude": -72.9800893}, "500 WELLINGTON ST W": {"latitude": 46.5287645, "longitude": -84.3499756}, "2575 DANFORTH AVE": {"latitude": 43.6881672, "longitude": -79.3004655}, "10 HUMBERLINE DR": {"latitude": 43.73120165, "longitude": -79.61186979075168}, "17 STEPHANIE ST": {"latitude": -27.3711551, "longitude": 153.0166261}, "227 VICTORIA ST": {"latitude": -33.903049800000005, "longitude": 151.12897555178432}, "50 BRIAN HARRISON WAY": {"latitude": 43.773709499999995, "longitude": -79.25888176729981}, "1 SHAW ST": {"latitude": 53.53766039999999, "longitude": -2.0085226514362526}, "55 BREMNER BLVD": {"latitude": 43.64226615, "longitude": -79.38077014941278}, "40 MURRAY ST": {"latitude": 57.0308804, "longitude": -2.1748084}, "4 SPADINA RD": {"latitude": 43.666944, "longitude": -79.40410533333333}, "4001 STEELES AVE W": {"latitude": 43.774136299999995, "longitude": -79.52417962511376}, "265 DURIE STREET": {"latitude": 43.65197646909091, "longitude": -79.47933321818182}, "5 BELLEVUE CRES": {"latitude": 55.4943406, "longitude": -4.609899698436189}, "362 THE EAST MALL": {"latitude": 43.61188875, "longitude": -79.55777331532131}, "106 MUTUAL ST": {"latitude": 43.6578933, "longitude": -79.3762815}, "95 WOOD ST": {"latitude": 51.5277407, "longitude": -2.5818044336384443}, "373 FRONT ST W": {"latitude": 43.642857899999996, "longitude": -79.39203749561969}, "701 WARDEN AVE": {"latitude": 43.7111204, "longitude": -79.2790432}, "76 PEARL ST": {"latitude": 40.7037597, "longitude": -74.0104253}, "200 VICTORIA ST": {"latitude": 57.2108566, "longitude": -2.1873580223990317}, "159 DUNDAS ST E": {"latitude": 43.65678, "longitude": -79.37494598348943}, "2000 SHEPPARD AVE W": {"latitude": 43.739455750000005, "longitude": -79.51547556146201}, "145 FRONT ST E": {"latitude": 43.6499575, "longitude": -79.3692853}, "565 SHERBOURNE ST": {"latitude": 43.6699451, "longitude": -79.37536349643696}, "105 ROWENA DR": {"latitude": 43.0406912, "longitude": -76.2572527}, "160 FLEMINGTON RD": {"latitude": 34.27321585383772, "longitude": -77.96010247361183}, "13 POLSON ST": {"latitude": 34.57530856550983, "longitude": -80.04646412527812}, "730 DOVERCOURT RD": {"latitude": 43.6605664, "longitude": -79.4293708}, "230 SACKVILLE ST": {"latitude": 43.659488, "longitude": -79.362839}, "439 UNIVERSITY AVE": {"latitude": 42.9642069, "longitude": -78.8278392}, "935 EGLINTON AVE W": {"latitude": 43.58711315, "longitude": -79.67589449876664}, "8 CHICHESTER PLACE": {"latitude": 50.8172744, "longitude": -0.1144504}, "18 KING ST E": {"latitude": -38.3334062, "longitude": 175.1648293}, "95 GROSVENOR ST": {"latitude": 43.6615939, "longitude": -79.38928765564397}, "399 BATHURST ST": {"latitude": 43.653566999999995, "longitude": -79.40549604487205}, "121 PARKWAY FOREST DR": {"latitude": 43.7752845, "longitude": -79.34053490517242}, "25 CARLTON ST": {"latitude": 43.6612932, "longitude": -79.3818577}, "98 THE ESPLANADE": {"latitude": 50.614289400000004, "longitude": -2.453166585348835}, "38 GRENVILLE ST": {"latitude": 53.4054218, "longitude": -2.1722823}, "5 MARINE PARADE DR": {"latitude": 43.6297862, "longitude": -79.47556608930631}, "111 BOND ST": {"latitude": 15.0855333, "longitude": 120.634744}, "12 SUDBURY ST": {"latitude": 43.6414835, "longitude": -79.41945342559026}, "185 QUEENS QUAY E": {"latitude": 43.64517821052632, "longitude": -79.36512284210527}, "116 YORKVILLE AVE": {"latitude": 43.670795, "longitude": -79.393288}, "100 GAMBLE AVE": {"latitude": 43.690448, "longitude": -79.34937}, "18 YORKVILLE AVE": {"latitude": 43.67208105, "longitude": -79.38788825238953}, "8 CHARLOTTE ST": {"latitude": -40.0195205, "longitude": 176.354778}, "18 HARBOUR ST": {"latitude": 58.98454865, "longitude": -2.959751663798923}, "111 BROADVIEW AVENUE": {"latitude": 40.9046805, "longitude": -73.25538964351222}, "7 QUEENS QUAY E": {"latitude": 43.641975181818175, "longitude": -79.37424318181819}, "26 LOMBARD ST": {"latitude": 42.095157, "longitude": -72.58254379789915}, "1 STADIUM RD": {"latitude": 51.483925400000004, "longitude": -2.600054458741261}, "6 LA PLANTE AVE": {"latitude": 42.5188488, "longitude": -96.4767518}, "108 CUMBERLAND ST": {"latitude": 43.8053283, "longitude": -70.7893902}, "20 ALBERT ST": {"latitude": -40.2020406, "longitude": 176.1002745}, "80 YORKVILLE AVE": {"latitude": 43.6712322, "longitude": -79.3913768}, "121 ST JOSEPH ST": {"latitude": 43.664788, "longitude": -79.390954}, "200 PRINCES' BLVD": {"latitude": 43.6327393, "longitude": -79.4218215}, "44 VICTORIA ST": {"latitude": -37.7914838, "longitude": 175.2871105}, "45 CHARLES ST E": {"latitude": 43.668964, "longitude": -79.384105}, "110 CHARLES ST W": {"latitude": 43.668204200000005, "longitude": -79.39140796104894}, "30 GIBBS RD": {"latitude": 51.58992655, "longitude": -2.9603639509030453}, "20 DELISLE AVENUE": {"latitude": 43.6897565, "longitude": -79.3958575}, "14 FULLER AVE": {"latitude": -33.709518, "longitude": 151.096518}, "260 QUEEN ST W": {"latitude": 43.2583312, "longitude": -81.15099907777777}, "72 AMROTH AVE": {"latitude": 43.6854795, "longitude": -79.3115986}, "80 BOND ST": {"latitude": 44.597994, "longitude": -79.4054684}, "198 WALNUT AVE": {"latitude": 42.034420850000004, "longitude": -87.9254984390235}, "82 PETER ST": {"latitude": 42.9398178, "longitude": -78.8882385}, "1 BRIMLEY ROAD SOUTH": {"latitude": 43.7059623, "longitude": -79.2354915}, "545 LAKE SHORE BLVD. WEST": {"latitude": 43.636441, "longitude": -79.39875607588968}, "7 MORRISON ST": {"latitude": 51.468088050000006, "longitude": -0.15478170983648545}, "5418 YONGE ST": {"latitude": 43.7755211, "longitude": -79.4147199}, "2756 OLD LESLIE ST": {"latitude": 43.7693713, "longitude": -79.366418}, "1001 QUEEN ST W": {"latitude": 43.6439215, "longitude": -79.4190102}, "15 BRANT ST": {"latitude": 43.6455437, "longitude": -79.3975834}, "25 MARTHA EATON WAY": {"latitude": 43.6976944, "longitude": -79.488806}, "130 DUNN AVE": {"latitude": 43.6351082, "longitude": -79.4329038}, "33 ISABELLA ST": {"latitude": 43.667627100000004, "longitude": -79.3836681}, "268 RHODES AVE": {"latitude": 43.6721088, "longitude": -79.320285}, "1 VENDOME PL": {"latitude": 43.7158454, "longitude": -79.3274884}, "453 SPADINA ROAD": {"latitude": 43.689591, "longitude": -79.4128785}, "181 VILLAGE GREEN SQ": {"latitude": 43.7792326, "longitude": -79.28158642307841}, "415 WILLIAM R ALLEN RD": {"latitude": 43.6988217, "longitude": -79.4365139}, "2040 DON MILLS RD": {"latitude": 43.7637589, "longitude": -79.34775939418014}, "2121 LAKE SHORE BLVD W": {"latitude": 43.627244, "longitude": -79.4779683}, "186 SPADINA AVE": {"latitude": 43.6497494, "longitude": -79.3970754}, "105 SUNNYSIDE AVE": {"latitude": 42.41136365, "longitude": -71.13338896585827}, "27 CARLTON ST": {"latitude": 53.72643275, "longitude": -1.3500318295836378}, "11 RUDDINGTON DR": {"latitude": 43.78797, "longitude": -79.39252}, "121 SCOLLARD ST": {"latitude": 43.67162676153846, "longitude": -79.39251964615384}, "10 CHICHESTER PLACE": {"latitude": 50.8173293, "longitude": -0.1144246}, "99 CAMERON ST": {"latitude": 43.650718, "longitude": -79.398217}, "9 FOUR WINDS DR": {"latitude": 41.6516231, "longitude": -73.86004335}, "552 ADELAIDE ST W": {"latitude": 43.6455608, "longitude": -79.4024795}, "2 BRAHMS AVE": {"latitude": 43.7920825, "longitude": -79.3583087}}