{"700 ONTARIO ST": {"latitude": 43.6699721, "longitude": -79.37342997033005}, "8 OXFORD ST": {"latitude": -33.8621637, "longitude": 151.0346026}, "321 ASSINIBOINE RD": {"latitude": 43.7683887, "longitude": -79.5006853}, "544 BIRCHMOUNT ROAD": {"latitude": 43.7110805, "longitude": -79.2699869}, "11 CATFORD RD": {"latitude": 43.7591056, "longitude": -79.490792}, "16 LAIDLAW ST": {"latitude": 43.64020445, "longitude": -79.42681370036419}, "32 FOREST MANOR RD": {"latitude": 43.77113224699913, "longitude": -79.34423843483627}, "1525 BAYVIEW AVE": {"latitude": 40.84554515, "longitude": -73.81769585}, "106 EDWARD ST": {"latitude": 50.82166, "longitude": -0.1289951}, "65 FOREST MANOR RD": {"latitude": 43.773688, "longitude": -79.344441}, "777 JANE ST": {"latitude": 43.64957535648949, "longitude": -79.48438851470951}, "99 DOWLING AVE": {"latitude": 43.635796299999996, "longitude": -79.43768457334771}, "45 BREMNER BLVD": {"latitude": 43.641877, "longitude": -79.3862941}, "99 GERRARD ST E": {"latitude": 43.65973445, "longitude": -79.37710214487345}, "200 WELLESLEY ST E": {"latitude": 43.667986299999995, "longitude": -79.373456427228}, "82 RONCESVALLES AVE": {"latitude": 43.6416032, "longitude": -79.44741751139506}, "127 BREMNER BLVD": {"latitude": 43.641877, "longitude": -79.3862941}, "181 BEDFORD RD": {"latitude": 52.574758849999995, "longitude": -1.8084782499999998}, "341 YONGE ST": {"latitude": 44.369643, "longitude": -79.6674081}, "3 EVERSON DRIVE": {"latitude": 43.7572006, "longitude": -79.40566446265967}, "72 FRASER AVE": {"latitude": 40.681894, "longitude": -73.567487}, "25 ORDE ST": {"latitude": 43.65798, "longitude": -79.392835}, "70 CAMBRIDGE AVE": {"latitude": 42.437924550000005, "longitude": -73.2327623968803}, "40 GOUGH AVE": {"latitude": 53.412061449999996, "longitude": -2.5954369053707538}, "322 WILSON AVE": {"latitude": 40.6712051, "longitude": -73.5283243}, "55 BLEECKER ST": {"latitude": 43.05289345, "longitude": -74.34603927277814}, "707 DUNDAS ST W": {"latitude": 43.6517943, "longitude": -79.4048971}, "421 QUEEN ST W": {"latitude": -39.6372233, "longitude": 176.8402837}, "3121 SHEPPARD AVE E": {"latitude": 43.776598914285714, "longitude": -79.31673634285715}, "170 THIRTEENTH ST": {"latitude": 43.6004723, "longitude": -79.5113352}, "83 LILLIAN ST": {"latitude": 43.706619450000005, "longitude": -79.3935329}, "5 JOE SHUSTER WAY": {"latitude": 43.6399448, "longitude": -79.4235023}, "19 SINGER CRT": {"latitude": 41.20717105, "longitude": -73.154678}, "60 FOREST MANOR RD": {"latitude": 39.82537673584217, "longitude": -75.91036384783033}, "175 WYNFORD DR": {"latitude": 43.72496099999999, "longitude": -79.32745775693994}, "12 ST JOSEPH ST": {"latitude": 10.652873, "longitude": -61.447656}, "5 SHEPPARD AVE E": {"latitude": 43.76132275, "longitude": -79.40994976466115}, "1455 WILSON AVE": {"latitude": 43.7214731, "longitude": -79.50268166468149}, "970 LAWRENCE AVE W": {"latitude": 43.7134392, "longitude": -79.4584563}, "829 QUEEN ST W": {"latitude": 43.645950966666675, "longitude": -79.40951489999999}, "2960 DON MILLS RD": {"latitude": 43.6956569, "longitude": -79.3396763}, "254 QUEEN ST W": {"latitude": 43.2583421, "longitude": -81.15089483333333}, "40 BLUE JAYS WAY": {"latitude": 43.6449916, "longitude": -79.392019}, "35 FOUR WINDS DR": {"latitude": 38.79599905, "longitude": -90.66172480819986}, "170 OSSINGTON AVE": {"latitude": 43.6480354, "longitude": -79.420437}, "29 ROSEBANK DR": {"latitude": 43.7921448, "longitude": -79.2342907}, "44 BALLIOL ST": {"latitude": 43.69796735, "longitude": -79.39507090374025}, "140 CUMBERLAND ST": {"latitude": 43.6839038, "longitude": -70.3548265}, "18 MILLWOOD RD": {"latitude": 51.39817325, "longitude": 0.1188688}, "12 YONGE ST": {"latitude": 43.6429483, "longitude": -79.3758893}, "55 MUTUAL ST": {"latitude": 43.6554638, "longitude": -79.37496784}, "640 LAUDER AVE": {"latitude": 43.6933654, "longitude": -79.4458119}, "3049 FINCH AVE W": {"latitude": 43.746928499999996, "longitude": -79.56312246773903}, "366 SPADINA AVE": {"latitude": 43.65476, "longitude": -79.399079}, "1717 AVENUE RD": {"latitude": 43.7281053, "longitude": -79.4177207}, "1901 SHEPPARD AVE W": {"latitude": 43.7395009, "longitude": -79.5098063}, "25 FERRIER AVENUE": {"latitude": 43.67916211428572, "longitude": -79.34850488571429}, "313 QUEEN ST W": {"latitude": 43.25835515294117, "longitude": -81.15327002941177}, "283 PHARMACY AVE": {"latitude": 43.7006985, "longitude": -79.28546913385966}, "30 GLOUCESTER ST": {"latitude": -39.52637535, "longitude": 176.86135849722996}, "135 GEORGE ST S": {"latitude": 43.6495665, "longitude": -79.3700526}, "133 JEFFERSON AVE": {"latitude": 40.7480564, "longitude": -73.3515408}, "88 REDPATH AVE": {"latitude": 43.70615515, "longitude": -79.39262140596391}, "136 LAUDER AVE": {"latitude": 43.6784203, "longitude": -79.4397631}, "345 BLOOR ST E": {"latitude": 43.6718025, "longitude": -79.3784904}, "8 MILEPOST PL": {"latitude": 43.70243705, "longitude": -79.34724628417136}, "607 THE EAST MALL": {"latitude": 43.6564599, "longitude": -79.56456441840595}, "417 ST GERMAIN AVE": {"latitude": 43.7303095, "longitude": -79.4114033}, "48 MCGILL ST": {"latitude": 43.0111348, "longitude": -79.2683821}, "444 SPADINA AVE": {"latitude": 43.6570611, "longitude": -79.3999898}, "38 ORCHARD VIEW BLVD": {"latitude": 43.708272, "longitude": -79.40005289277664}, "3865 LAKE SHORE BLVD W": {"latitude": 43.5899635, "longitude": -79.5450666}, "84 CARLTON ST": {"latitude": 53.7257869, "longitude": -1.355048076347206}, "21 SHALLMAR BLVD": {"latitude": 43.704202, "longitude": -79.425932}, "21 ST CLAIR AVE E": {"latitude": 43.6881715, "longitude": -79.3928851}, "4968 YONGE ST": {"latitude": 43.7655815, "longitude": -79.4121479}, "5 AGATE RD": {"latitude": 51.4975059, "longitude": -0.2284121}, "1219 ST CLAIR AVE W": {"latitude": 43.67741560769231, "longitude": -79.44481679230769}, "2 ROWNTREE RD": {"latitude": 43.752518550000005, "longitude": -79.58473292735763}, "127 RONCESVALLES AVE": {"latitude": 43.6429651, "longitude": -79.4475842}, "327 QUEEN ST W": {"latitude": 43.25831397647059, "longitude": -81.15362406470588}, "15 SUMMERHILL AVE": {"latitude": 42.305938600000005, "longitude": -71.79805986281869}, "55 ISABELLA ST": {"latitude": 43.537534, "longitude": -80.556253}, "170 MILL ST": {"latitude": 42.0181586, "longitude": -71.17896006550218}, "40 BEDFORD RD": {"latitude": 51.80160365, "longitude": 1.1840401679255845}, "4175 LAWRENCE AVE E": {"latitude": 38.85004359277334, "longitude": -87.87175554783819}, "35 TOBERMORY DR": {"latitude": 43.761325549999995, "longitude": -79.50967499999999}, "93 OSSINGTON AVE": {"latitude": 43.6463156, "longitude": -79.4194187}, "44 OSSINGTON AVE": {"latitude": 43.6452084, "longitude": -79.419364}, "309 ASSINIBOINE RD": {"latitude": 43.7684652, "longitude": -79.5003369}, "611 DANFORTH AVE": {"latitude": 43.67861182173913, "longitude": -79.34582453043478}, "8 LEE CENTRE DR": {"latitude": 43.780790499999995, "longitude": -79.24753418092754}, "7 CHARLES ST W": {"latitude": 43.6685152, "longitude": -79.386693}, "1655 DUPONT ST": {"latitude": 43.6644878, "longitude": -79.4560693}, "5 WALTON ST": {"latitude": -41.4573816, "longitude": 147.12444011388516}, "1867 YONGE ST": {"latitude": 43.6971509, "longitude": -79.3960619}, "701 SHEPPARD AVE W": {"latitude": 43.75427625454545, "longitude": -79.4438338090909}, "2687 KIPLING AVE": {"latitude": 43.7507651, "longitude": -79.5844355}, "225 VAN HORNE AVE": {"latitude": 49.7737852, "longitude": -92.8361588}, "2739 VICTORIA PARK AVE": {"latitude": 43.7778225, "longitude": -79.3240112}}