{"20 ASHBRIDGES BAY PARK RD": {"latitude": 43.6603432, "longitude": -79.3125356}, "70 TEMPERANCE ST": {"latitude": 42.932153, "longitude": -80.2934566}, "17 ZORRA ST": {"latitude": 43.621142022537725, "longitude": -79.5219083568923}, "100 THE EAST MALL": {"latitude": 42.3681657, "longitude": -71.07636317823707}, "15 DENISON AVE": {"latitude": 41.3490484, "longitude": -72.0777212}, "10 PARK LAWN RD": {"latitude": 43.6229459, "longitude": -79.4816583}, "36 PARK LAWN RD": {"latitude": 43.623455899999996, "longitude": -79.4846243020881}, "200 CHALKFARM DR": {"latitude": 43.7246784, "longitude": -79.5104785}, "136 CUMBERLAND ST": {"latitude": 43.6837757, "longitude": -70.3546189}, "35 BALMUTO ST": {"latitude": 43.66949635, "longitude": -79.38741712775487}, "160 CHALKFARM DR": {"latitude": 43.7243555, "longitude": -79.51465599821027}, "90 YORKVILLE AVE": {"latitude": 43.6711655, "longitude": -79.3918772}, "15 ZORRA ST": {"latitude": 43.621270758030185, "longitude": -79.52196142551384}, "201 ELIZABETH ST": {"latitude": -33.8738194, "longitude": 151.20949139467766}, "200 SHERWAY DR": {"latitude": 45.2741771, "longitude": -75.76162140231378}, "25 ST MARY ST": {"latitude": 51.642398549999996, "longitude": -2.674410468615153}, "85 QUEENS WHARF RD": {"latitude": 43.6389666, "longitude": -79.39852800105268}, "80 FRONT ST E": {"latitude": 43.6490446, "longitude": -79.3727984}, "117 MCMAHON DR": {"latitude": 43.767017949999996, "longitude": -79.37029933992596}, "121 MCMAHON DR": {"latitude": 43.7680462, "longitude": -79.3707901}, "231 FORT YORK BLVD": {"latitude": 43.6365482, "longitude": -79.4066264}, "21 PIRANDELLO ST": {"latitude": 43.63909715, "longitude": -79.41388953516014}, "330 DIXON RD": {"latitude": 43.3231642, "longitude": -73.6883427}, "2 SONIC WAY": {"latitude": 44.1408292, "longitude": -103.0563153}, "955 BAY ST": {"latitude": 37.8042851, "longitude": -122.42289992106268}, "55 ANN O'REILLY RD": {"latitude": 43.7740543, "longitude": -79.3297294}, "215 FORT YORK BLVD": {"latitude": 43.63635565, "longitude": -79.40481072303434}, "110 MARINE PARADE DR": {"latitude": 43.6251412, "longitude": -79.4776672}, "13 ISABELLA ST": {"latitude": 43.667649, "longitude": -79.384784}, "125 VILLAGE GREEN SQ": {"latitude": 43.7774165, "longitude": -79.2812115}, "60 COLBORNE ST": {"latitude": 43.6493288, "longitude": -79.3743445}, "20 BRUNEL CRT": {"latitude": 43.6397121, "longitude": -79.3948348}, "21 BALMUTO ST": {"latitude": 43.66914895, "longitude": -79.38736372648393}, "122 BOND ST": {"latitude": 40.68597915, "longitude": -73.98563919730424}, "15 MARTHA EATON WAY": {"latitude": 43.6964839, "longitude": -79.4898815}, "365 LIPPINCOTT ST": {"latitude": 43.6652373, "longitude": -79.4098034}, "5200 YONGE ST": {"latitude": 43.7703385, "longitude": -79.4135005}, "20 BRUYERES MEWS": {"latitude": 43.6373046, "longitude": -79.4004642}, "15 SINGER CRT": {"latitude": 41.20716845, "longitude": -73.154702}, "306 FRONT ST W": {"latitude": 43.6441148, "longitude": -79.38986454142476}, "178 QUEENS QUAY E": {"latitude": 43.644688, "longitude": -79.367098}, "130 PEARL ST": {"latitude": 42.5076202, "longitude": -71.1703893988142}, "2 COLBORNE ST": {"latitude": 44.5360576, "longitude": -78.7367359}, "43 HANNA AVE": {"latitude": 43.6389423, "longitude": -79.4183247}, "33 ELMHURST AVE": {"latitude": 52.4811394, "longitude": 1.7151448539649827}, "20 SHORE BREEZE DR": {"latitude": 42.5664236, "longitude": -83.8250716}, "405 SHERBOURNE ST": {"latitude": 43.664678493333334, "longitude": -79.37352738666667}, "1 SCOTT ST": {"latitude": 51.52278915, "longitude": -0.061100228777777814}, "140 SIMCOE ST": {"latitude": 42.8587122, "longitude": -80.7100124}, "18 HENDON AVENUE": {"latitude": -36.894585, "longitude": 174.707608}, "4169 BATHURST ST": {"latitude": 43.7534966, "longitude": -79.4378081}, "20 TORONTO ST": {"latitude": 43.650343, "longitude": -79.376437}, "39 SUNNYSIDE AVE": {"latitude": 42.4087848, "longitude": -71.13324227528626}, "840 COXWELL AVE": {"latitude": 43.6903756, "longitude": -79.3266629}, "171 EAST LIBERTY ST": {"latitude": 43.6385974, "longitude": -79.4186347}, "10 YORK ST": {"latitude": 39.83123675, "longitude": -77.23018497569632}, "83 TANNERY RD": {"latitude": 43.6650509, "longitude": -73.7621603}, "77 MUTUAL ST": {"latitude": 43.6560864, "longitude": -79.37522392}, "10 WILLOWRIDGE RD": {"latitude": 52.000049, "longitude": -113.972156}, "330 UNIVERSITY AVE": {"latitude": 39.95489655, "longitude": -74.68721445140233}, "361 UNIVERSITY AVE": {"latitude": 43.6530333, "longitude": -79.3860515404918}, "111 BROADVIEW AVE": {"latitude": 40.9046805, "longitude": -73.25538964351222}, "151 DAN LECKIE WAY": {"latitude": 43.639821, "longitude": -79.39777436830478}, "803 RICHMOND ST W": {"latitude": 44.87261973469388, "longitude": -93.0438951020408}, "69 LYNN WILLIAMS ST": {"latitude": 43.638726, "longitude": -79.4155285502444}, "31 TIPPETT RD": {"latitude": 35.24425658139431, "longitude": -83.36721567147515}, "1137 MARKHAM RD": {"latitude": 43.775936634270984, "longitude": -79.23121616108666}, "15 PRICE ST": {"latitude": -33.807203, "longitude": 151.106958}, "1750 FINCH AVE E": {"latitude": 43.7937915, "longitude": -79.3503082}, "81 BOND ST": {"latitude": 47.567880099999996, "longitude": -52.706887009581976}, "525 ADELAIDE ST W": {"latitude": 43.6450448, "longitude": -79.4022642556761}, "50 ORDNANCE ST": {"latitude": 43.639731999999995, "longitude": -79.40963967700728}, "524 WELLINGTON ST W": {"latitude": 43.643252, "longitude": -79.399731}, "400 FRONT ST W": {"latitude": 44.2929107, "longitude": -77.56312549132691}, "12 BONNYCASTLE ST": {"latitude": 43.645729, "longitude": -79.364291}, "300 MANITOBA ST": {"latitude": 43.6242238, "longitude": -79.489368}, "33 HAZELTON AVE": {"latitude": 43.88951, "longitude": -79.3626926}, "106 HUMBER COLLEGE BLVD": {"latitude": 43.7311525, "longitude": -79.6000491}, "35 ERINDALE AVE": {"latitude": 43.6774573, "longitude": -79.3581847}, "2063 ISLINGTON AVE": {"latitude": 43.701159000000004, "longitude": -79.54791839017909}, "1138 BATHURST ST": {"latitude": 43.6753606, "longitude": -79.4153508}, "1410 DUPONT ST": {"latitude": 43.66662285, "longitude": -79.44761489999999}, "478 KING ST W": {"latitude": 43.6455571, "longitude": -79.3963398}, "150 EAST LIBERTY ST": {"latitude": 41.5474297, "longitude": -73.0341655}, "34 LITTLE NORWAY CRES": {"latitude": 43.63406565, "longitude": -79.39919843051834}, "2230 LAKE SHORE BLVD W": {"latitude": 43.6213764, "longitude": -79.4829458}, "50 FOREST MANOR RD": {"latitude": 43.7734386, "longitude": -79.3447141}, "453 SPADINA RD": {"latitude": 43.689591, "longitude": -79.4128785}, "30 ORDNANCE ST": {"latitude": 44.2346138, "longitude": -76.4828325}, "130 ELIZABETH ST": {"latitude": 42.094811500000006, "longitude": -79.33338675}, "80 MARINE PARADE DR": {"latitude": 43.6262431, "longitude": -79.4772126}, "227 FRONT ST E": {"latitude": 43.650861, "longitude": -79.365395}, "2200 LAKESHORE BLVD W": {"latitude": 33.6158799, "longitude": -88.6614126}, "1030 KING ST W": {"latitude": 43.261785, "longitude": -79.9064902}, "101 ERSKINE AVE": {"latitude": 43.7114706, "longitude": -79.39536721168807}, "18 ORDE ST": {"latitude": 43.6585407, "longitude": -79.39205485025936}, "265 WILLARD AVE": {"latitude": 43.6501626, "longitude": -79.4817187}, "70 QUEENS WHARF RD": {"latitude": -27.4720192, "longitude": 153.023016}, "1346 DANFORTH RD": {"latitude": 43.97068527492461, "longitude": -77.41666987216402}, "15 ROEHAMPTON AVE": {"latitude": 43.1820783, "longitude": -79.2174049}}