{"111 QUEEN ST E": {"latitude": 43.4336667, "longitude": -80.3073604}, "450 ADELAIDE ST W": {"latitude": 43.6457153, "longitude": -79.4006643}, "125 PETER ST": {"latitude": 38.7107806, "longitude": -90.8804912}, "145 MUTUAL ST": {"latitude": 43.6591129, "longitude": -79.37633410094439}, "85 EMMETT AVE": {"latitude": 42.2492429, "longitude": -71.15212564468487}, "59 ISABELLA ST": {"latitude": 43.66797435, "longitude": -79.38252749791693}, "99 THE DONWAY W": {"latitude": 43.7350513, "longitude": -79.347715}, "55 QUEEN ST E": {"latitude": 43.652789, "longitude": -79.377051}, "21 VICTORIA ST": {"latitude": 51.0620828, "longitude": -0.32080084075266035}, "109 OSSINGTON AVE": {"latitude": 45.389641, "longitude": -75.68730010386238}, "1442 LAWRENCE AVE W": {"latitude": 43.708824, "longitude": -79.48035176966292}, "40 PANORAMA CT": {"latitude": 43.7477235, "longitude": -79.57971798911291}, "670 PAPE AVE": {"latitude": 43.6780598, "longitude": -79.3446647}, "10 EMPRESS AVE": {"latitude": 51.56106365, "longitude": 0.03942218808290071}, "1445 BATHURST ST": {"latitude": 43.68251692222222, "longitude": -79.41785146666666}, "22 FRONT ST W": {"latitude": 43.6464541, "longitude": -79.3778827}, "555 UNIVERSITY AVE": {"latitude": 43.1566435, "longitude": -77.5882427}, "33 GABIAN WAY": {"latitude": 43.69296505, "longitude": -79.46903162984549}, "380 DIXON RD": {"latitude": 43.69516165, "longitude": -79.55672673378089}, "345 ADELAIDE ST W": {"latitude": 43.64685745, "longitude": -79.39378807375124}, "385 PACIFIC AVE": {"latitude": 43.6649203, "longitude": -79.4681881}, "65 BREMNER BLVD": {"latitude": 43.6427942, "longitude": -79.38058501407745}, "25 SAN ROMANOWAY": {"latitude": 43.7596616, "longitude": -79.51696007711863}, "213 HURON ST": {"latitude": 43.6577654, "longitude": -79.3977807}, "250 WELLINGTON ST W": {"latitude": 43.6452451, "longitude": -79.39036386928026}, "200 PRINCES BLVD": {"latitude": 43.6327393, "longitude": -79.4218215}, "209 MAVETY ST": {"latitude": 43.664706914285716, "longitude": -79.4654694142857}, "5 BRAHMS AVE": {"latitude": 43.7921594, "longitude": -79.3579603}, "100 SIMCOE ST": {"latitude": 43.2599399, "longitude": -79.0748192}, "111 RICHMOND ST W": {"latitude": 43.6504625, "longitude": -79.3838484}, "426 UNIVERSITY AVE": {"latitude": 42.9638061, "longitude": -78.8284166}, "775 KING ST W": {"latitude": 43.6430166, "longitude": -79.4063298}, "3000 VICTORIA PARK AVE": {"latitude": 43.7924728, "longitude": -79.3326063}, "36 LOMBARD ST": {"latitude": 42.7597279, "longitude": -73.8769811}, "110 YORKVILLE AVE": {"latitude": 43.6709426, "longitude": -79.3928142}, "66 AVENUE RD": {"latitude": 52.62614265, "longitude": 1.274141}, "400 WELLINGTON ST W": {"latitude": 46.52816608444444, "longitude": -84.34967118444445}, "15 BEVERLEY ST": {"latitude": 43.6505431, "longitude": -79.39216928744801}, "2765 ISLINGTON AVE": {"latitude": 43.7425465, "longitude": -79.5675788}, "74 CLINTON ST": {"latitude": 42.98319465, "longitude": -71.47606140000002}, "56 ABERFOYLE CRES": {"latitude": 43.6460954, "longitude": -79.5229927}, "60 BLOOR ST W": {"latitude": 43.6699449, "longitude": -79.3891908}, "18 KENASTON GDNS": {"latitude": 43.76568175, "longitude": -79.38609131341485}, "700 HUMBERWOOD BLVD": {"latitude": 43.72462635, "longitude": -79.61540830272277}, "588 ADELAIDE ST W": {"latitude": 43.6457153, "longitude": -79.4006643}, "49 THORNCLIFFE PARK DR": {"latitude": 43.7024491, "longitude": -79.3424768}, "118 MERCHANTS' WHARF": {"latitude": 54.9654729, "longitude": -1.5748966}, "162 QUEENS QUAY E": {"latitude": 43.6442029, "longitude": -79.3682213}, "28 STADIUM RD": {"latitude": 51.484708999999995, "longitude": -2.5988355483364103}, "33 PEARS AVE": {"latitude": 43.6760524, "longitude": -79.3937713}, "146 HARRISON ST": {"latitude": 41.0383555, "longitude": -73.7457651}, "2 SURREY PL": {"latitude": 40.848138500000005, "longitude": -73.53564850000001}, "38 GRAND MAGAZINE ST": {"latitude": 43.6365496, "longitude": -79.4023142}, "550 FRONT ST W": {"latitude": 43.6415108, "longitude": -79.3990531}, "8 TELEGRAM MEWS": {"latitude": 43.640541, "longitude": -79.394839}, "149 COLLEGE ST": {"latitude": 52.90654035, "longitude": -1.2845413774377574}, "141 GREENLAW AVE": {"latitude": 43.6762825, "longitude": -79.44752305}, "557 PALMERSTON AVE": {"latitude": 43.6652074, "longitude": -79.4137236}, "200 WOOLNER AVE": {"latitude": 43.6728305, "longitude": -79.49163455010836}, "85 RICHMOND ST W": {"latitude": 43.65061365, "longitude": -79.3829513630848}, "59 CLINTON ST": {"latitude": 43.5419152, "longitude": -80.2593978}, "14 ARUNDEL AVE": {"latitude": -40.9011862, "longitude": 175.0075838}, "2 ANNDALE DR": {"latitude": 43.76051805, "longitude": -79.4102189417774}, "200 ELIZABETH ST": {"latitude": 41.0488905, "longitude": -74.0140524}, "15 COUGAR CRT": {"latitude": 43.744956, "longitude": -79.21745776984127}, "233 CARLAW AVE": {"latitude": 43.6623508, "longitude": -79.3404323}, "535 WELLINGTON ST W": {"latitude": 43.52926716340186, "longitude": -80.2603554304817}, "325 BLEECKER ST": {"latitude": 40.7332729, "longitude": -74.0040684}, "1235 MILITARY TRL": {"latitude": 26.5620839, "longitude": -80.1143819}, "9 WILLINGDON BLVD": {"latitude": 43.6484009, "longitude": -79.5103314}, "21 HILLCREST AVE": {"latitude": 50.85385345, "longitude": 0.46122859916200853}, "25 FONTENAY CRT": {"latitude": 43.682551000000004, "longitude": -79.51117237457044}, "1901 WESTON RD": {"latitude": 43.700586900000005, "longitude": -79.51604125493562}, "1 TORONTO ST": {"latitude": 44.1694022, "longitude": -80.3951606}, "20 DELISLE AVE": {"latitude": 43.4599233, "longitude": -80.50629674078232}, "201 CARLAW AVE": {"latitude": 43.6620498, "longitude": -79.3401356}, "25 WOOD ST": {"latitude": 52.621605349999996, "longitude": 1.2892050956116086}, "100 YORKVILLE AVE": {"latitude": 43.6712541, "longitude": -79.3913535}, "21 PIPER ST": {"latitude": 44.6772391, "longitude": -63.516674}, "2401 YONGE ST": {"latitude": 43.710093, "longitude": -79.3988527}, "832 BAY ST": {"latitude": 43.6616716, "longitude": -79.3863524}, "20 RICHARDSON ST": {"latitude": -45.9025573, "longitude": 170.5038267}, "178 JARVIS ST": {"latitude": 43.6559091, "longitude": -79.37443443211687}, "10 ASHBRIDGES BAY PARK RD": {"latitude": 43.66051, "longitude": -79.312434}, "37 GROSVENOR ST": {"latitude": -33.708682, "longitude": 151.122848}, "15 WINDERMERE AVE": {"latitude": 51.5748035, "longitude": -0.3095366}, "628 FLEET ST": {"latitude": 43.63637129999999, "longitude": -79.40335546604992}, "125 BURNABY BOULEVARD": {"latitude": 43.7046259, "longitude": -79.4120834}, "415 WILLIAM R ALLEN ROAD": {"latitude": 43.6988217, "longitude": -79.4365139}, "70 DAN LECKIE WAY": {"latitude": 43.6366964, "longitude": -79.396722}, "1010 YONGE ST": {"latitude": 43.73848442994514, "longitude": -79.40249132769276}, "117 PEMBROKE ST": {"latitude": 43.660318, "longitude": -79.373158}, "111 SUNNYSIDE AVE": {"latitude": 42.41164995, "longitude": -71.13347236447011}, "76 GRENVILLE ST": {"latitude": 53.4041541, "longitude": -2.1715059}, "585 KING ST E": {"latitude": 43.656401, "longitude": -79.356762}, "11 WINDSOR ST": {"latitude": -40.2168075, "longitude": 176.0954227}, "11 ST JOSEPH ST": {"latitude": 10.641603, "longitude": -61.283408}, "46 TULLIS DR": {"latitude": 43.70210890601254, "longitude": -79.39649034901498}, "43 HAZELTON AVE": {"latitude": 42.28500955, "longitude": -71.2199655151988}, "363 ADELAIDE ST W": {"latitude": 43.646532449999995, "longitude": -79.39466668075815}}