{"1080 BAY ST": {"latitude": 28.56559, "longitude": -81.5694301}, "1174 ST CLAIR AVE W": {"latitude": 43.678031659999995, "longitude": -79.44351616}, "219 GERRARD ST E": {"latitude": 43.661448, "longitude": -79.370767}, "100 WELLESLEY ST E": {"latitude": 43.666540499999996, "longitude": -79.37917058530283}, "5 GREYSTONE WALK DR": {"latitude": 43.7253825, "longitude": -79.2516865}, "120 SUBWAY CRES": {"latitude": 43.6359577, "longitude": -79.5397004}, "300 HURON ST": {"latitude": 44.1280847, "longitude": -81.157201}, "500 DUPLEX AVE": {"latitude": 43.709758, "longitude": -79.40145655038529}, "5460 YONGE ST": {"latitude": 43.7773643, "longitude": -79.4154055}, "40 MEADOWGLEN PL": {"latitude": 43.77500225, "longitude": -79.23013090247704}, "25 DOCKSIDE DR": {"latitude": 39.932807668561196, "longitude": -82.47161212961032}, "66 WALPOLE AVE": {"latitude": 43.6747585, "longitude": -79.3268311}, "112 YORKVILLE AVE": {"latitude": 43.6709341, "longitude": -79.3928662}, "675 KENNEDY RD": {"latitude": 45.29242231943804, "longitude": -63.268567799497724}, "1138 BATHURST STREET": {"latitude": 43.6753606, "longitude": -79.4153508}, "20 TEESDALE PL": {"latitude": 43.69601, "longitude": -79.2874535004065}, "720 TRETHEWEY DR": {"latitude": 43.6975958, "longitude": -79.500733}, "6020 BATHURST ST": {"latitude": 43.7870535, "longitude": -79.4473303}, "29 VALLEY WOODS RD": {"latitude": 43.7537655, "longitude": -79.33152639047618}, "200 GATEWAY BLVD": {"latitude": 41.813761650000004, "longitude": -72.5517875967048}, "1273 ST CLAIR AVE W": {"latitude": 43.676845683333326, "longitude": -79.44712603333333}, "88 SHEPPARD AVE E": {"latitude": 43.76391085, "longitude": -79.40701695358305}, "591 QUEEN ST W": {"latitude": 43.25718197704918, "longitude": -81.16436213442623}, "1001 SANDHURST CIRCLE": {"latitude": 43.8093984, "longitude": -79.2635408}, "133 WYNFORD DR": {"latitude": 43.727152, "longitude": -79.328212}, "55 ST GEORGE ST": {"latitude": 43.660729599999996, "longitude": -79.39655703676621}, "85 WELLESLEY ST E": {"latitude": 43.665578100000005, "longitude": -79.37982424021044}, "6 ANNDALE DR": {"latitude": 43.760547833333334, "longitude": -79.4076185}, "55 DE BOERS DR": {"latitude": 43.75102385, "longitude": -79.46579405300892}, "265 WILLARD AVENUE": {"latitude": 43.6501626, "longitude": -79.4817187}, "78 MUTUAL ST": {"latitude": 43.65597725925926, "longitude": -79.37543777777778}, "105 LA ROSE AVE": {"latitude": 43.6857561, "longitude": -79.5195664}, "4301 KINGSTON RD": {"latitude": 43.76197115625, "longitude": -79.19437056875}, "477 RICHMOND ST W": {"latitude": 43.64736885, "longitude": -79.39821315}, "3559 EGLINTON AVE W": {"latitude": 43.6857225, "longitude": -79.4917245319274}, "517 WELLINGTON ST W": {"latitude": 43.6429775, "longitude": -79.399261}, "1501 WOODBINE AVE": {"latitude": 43.6998998, "longitude": -79.31796750967743}, "207 QUEENS QUAY WEST": {"latitude": 43.6384591, "longitude": -79.3801324}, "10 SCRIVENER SQ": {"latitude": 43.6812374, "longitude": -79.39076326129481}, "42 OVERLEA BLVD": {"latitude": 43.7080726, "longitude": -79.3483886}, "197 YONGE ST": {"latitude": 43.65344055, "longitude": -79.37920516650601}, "64 PRINCE ARTHUR AVE": {"latitude": 43.668853, "longitude": -79.400178}, "68 BROADVIEW AVE": {"latitude": 43.657417, "longitude": -79.3501324912377}, "1875 MARTIN GROVE RD": {"latitude": 43.743281499999995, "longitude": -79.59412290032282}, "188 SPADINA AVE": {"latitude": 43.649883, "longitude": -79.3971247}, "13 ISABELLA STREET": {"latitude": 43.667649, "longitude": -79.384784}, "366 ADELAIDE ST E": {"latitude": 43.65225, "longitude": -79.368548}, "22 CLOSE AVE": {"latitude": 43.634321, "longitude": -79.43383890638447}, "242 QUEEN ST W": {"latitude": 43.2583639, "longitude": -81.15068634444444}, "33 DRAPER ST": {"latitude": 42.081699650000004, "longitude": -72.55265635191925}, "2 TORONTO ST": {"latitude": 43.5437201, "longitude": -80.2385789}, "30 GILDER DR": {"latitude": 43.737136, "longitude": -79.25649606841216}, "221 VICTORIA ST": {"latitude": 57.2122177, "longitude": -2.1876350131987605}, "639 QUEEN ST W": {"latitude": 43.256981006557375, "longitude": -81.16622119016394}, "77 ROEHAMPTON AVE": {"latitude": 43.70813, "longitude": -79.39612847833935}, "11 ORDNANCE ST": {"latitude": 53.7499217, "longitude": -2.4646854}, "27 BERGAMOT AVE": {"latitude": 43.71523295, "longitude": -79.5565940262116}, "40 GORDONRIDGE PL": {"latitude": 43.7273614, "longitude": -79.2520365}, "165 YORK ST": {"latitude": 39.83077305, "longitude": -77.22697582603195}, "9 SULTAN ST": {"latitude": -36.8990355, "longitude": 174.8073122}, "2425 BLOOR ST W": {"latitude": 43.6493879, "longitude": -79.4833685}, "10 MORRISON ST": {"latitude": 51.46826435, "longitude": -0.15498255660066554}, "100 COSBURN AVE": {"latitude": 43.6894336, "longitude": -79.3494702}, "452 BATHURST ST": {"latitude": 46.5687965, "longitude": -81.215633}, "825 QUEEN ST W": {"latitude": 43.6459715, "longitude": -79.4094124}, "620 KING ST W": {"latitude": 43.6447344, "longitude": -79.4009619}, "163 DAN LECKIE WAY": {"latitude": 43.640249, "longitude": -79.398212}, "433 ROGERS RD": {"latitude": 44.482254901287014, "longitude": -76.96650121279815}, "46 EAST LIBERTY ST": {"latitude": 43.639177000000004, "longitude": -79.4124598}, "610 QUEEN ST W": {"latitude": 43.6471394, "longitude": -79.4049144}, "206 AUGUSTA AVE": {"latitude": 43.6545284, "longitude": -79.40219196666666}, "87 RICHMOND ST EAST": {"latitude": 43.65257047826087, "longitude": -79.3745634347826}, "80 ST PATRICK ST": {"latitude": 43.1722441, "longitude": -79.2381049}, "8 THE ESPLANADE": {"latitude": 50.608362850000006, "longitude": -2.450561550000005}, "510 KING ST E": {"latitude": 43.6564634, "longitude": -79.3573703}, "5995 STEELES AVE E": {"latitude": 43.833439, "longitude": -79.25545570292263}, "1603 EGLINTON AVE W": {"latitude": 43.69681075, "longitude": -79.44321118041995}, "121 PARKWAY FOREST DRIVE": {"latitude": 43.7752845, "longitude": -79.34053490517242}, "510 COLLEGE ST": {"latitude": 36.5308542, "longitude": -87.35487884913678}, "1 BLOOR ST E": {"latitude": 43.66982485, "longitude": -79.38610666444188}, "77 RANKIN CRES": {"latitude": 55.9146496, "longitude": -3.9411604}, "3 APPLEWOOD LANE": {"latitude": 44.2015537, "longitude": -69.0737277}, "30 MERCHANTS' WHARF": {"latitude": 54.9654729, "longitude": -1.5748966}, "320 RICHMOND ST E": {"latitude": 43.6536235, "longitude": -79.3686525}, "253 SPADINA AVE": {"latitude": 43.6521389, "longitude": -79.3973987}, "373 FRONT ST E": {"latitude": 43.652289999999994, "longitude": -79.359114}, "44 WILLOWRIDGE RD": {"latitude": 43.6755985, "longitude": -79.56972519444444}, "474 WELLINGTON ST W": {"latitude": 46.52854375, "longitude": -84.350137875}, "6 ST JOSEPH ST": {"latitude": 10.652891, "longitude": -61.448298}, "570 BLOOR ST W": {"latitude": 43.6651192, "longitude": -79.4117841}, "91 FRONT ST E": {"latitude": 43.6490353, "longitude": -79.3718989}, "1 MASSEY SQ": {"latitude": 43.6961984, "longitude": -79.2950214}, "2470 EGLINTON AVE W": {"latitude": 43.692461300000005, "longitude": -79.4683505}, "1255 THE QUEENSWAY": {"latitude": 43.62082025, "longitude": -79.52336469155104}, "73 GRANGE AVE": {"latitude": 51.61527505, "longitude": -0.17982978863205962}, "52 MCGILL ST": {"latitude": -41.7142055, "longitude": 171.7625605}, "524 QUEEN ST W": {"latitude": 43.25736565897436, "longitude": -81.16007444871795}, "170 SUMACH ST": {"latitude": 35.00025879069767, "longitude": -85.349553}, "16 RIVERVIEW GARDENS": {"latitude": 10.674435, "longitude": -61.411866}, "50 JOE SHUSTER WAY": {"latitude": 43.6406051, "longitude": -79.4257389274515}}