{"4 EDWARD ST": {"latitude": 51.94219865, "longitude": 1.250272101259947}, "1 WEBSTER AVE": {"latitude": 40.8624268, "longitude": -73.8906665}, "100 EMMETT AVE": {"latitude": 43.68846954999999, "longitude": -79.5063904344015}, "550 SCARBOROUGH GOLF CLUB RD": {"latitude": 43.7616268, "longitude": -79.2159913}, "45 CARLTON ST": {"latitude": 53.726318750000004, "longitude": -1.350828489410775}, "23 JORDAN ST": {"latitude": -27.5152033, "longitude": 153.0524695}, "30 TEESDALE PL": {"latitude": 43.6969795, "longitude": -79.28776562981733}, "364 THE EAST MALL": {"latitude": 43.61188875, "longitude": -79.55777331532131}, "55 ST CLAIR AVE W": {"latitude": 43.687278, "longitude": -79.3969731}, "180 UPPER MADISON AVE": {"latitude": 43.7642438, "longitude": -79.4124755}, "100 GLOUCESTER ST": {"latitude": 42.0918718, "longitude": -70.98453729461987}, "1215 DUNDAS ST E": {"latitude": 43.6649901, "longitude": -79.3404585}, "3018 YONGE ST": {"latitude": 43.7242919, "longitude": -79.4024772927892}, "190 WOOLNER AVE": {"latitude": 43.672683, "longitude": -79.49065734571062}, "19 JACKMAN AVE": {"latitude": -36.8228901, "longitude": 175.6975772}, "1A RICHVIEW ROAD": {"latitude": 43.68447065, "longitude": -79.51268232629653}, "5 DORIS AVE": {"latitude": -33.69822015, "longitude": 150.3132026}, "342 PRINCE EDWARD DR": {"latitude": 49.94116523555869, "longitude": -119.46163395362524}, "3031 FINCH AVE W": {"latitude": 43.7464685, "longitude": -79.56378548494041}, "3 ELMHURST AVE": {"latitude": 52.4797207, "longitude": 1.7147460533558103}, "200 BLOOR ST W": {"latitude": 46.52841425, "longitude": -84.34602975}, "280 SPADINA AVE": {"latitude": 43.6525068, "longitude": -79.3982969}, "18 KEMPFORD BLVD": {"latitude": 43.7764958, "longitude": -79.4172211}, "591 SHEPPARD AVE E": {"latitude": 43.7670757, "longitude": -79.38397574566966}, "489 COLLEGE ST": {"latitude": 43.6560128, "longitude": -79.4091352}, "2 ARMEL CRT": {"latitude": 43.7217539, "longitude": -79.5455055}, "246 BROOKE AVE.": {"latitude": 43.73326115, "longitude": -79.41998685}, "27 REAN DR": {"latitude": 43.7676534, "longitude": -79.3829449}, "1311 ST CLAIR AVE W": {"latitude": 43.6765099, "longitude": -79.4486825}, "30 THE QUEENSWAY": {"latitude": 43.64044285, "longitude": -79.45015175825625}, "6093 YONGE ST": {"latitude": 44.24377211867731, "longitude": -79.59883879778045}, "225 ST GEORGE ST": {"latitude": 44.74490635, "longitude": -65.51961070989927}, "30 WELLINGTON ST W": {"latitude": 44.3930552, "longitude": -79.6961062}, "101 PARLIAMENT ST": {"latitude": 45.0210779, "longitude": -75.642922}, "75 THORNCLIFFE PARK DR": {"latitude": 43.7049593, "longitude": -79.3419739}, "650 MOUNT PLEASANT RD": {"latitude": 43.7046386, "longitude": -79.389051}, "10 TEESDALE PL": {"latitude": 43.6965115, "longitude": -79.2861622484568}, "36 LISGAR ST": {"latitude": 43.6417549, "longitude": -79.4234507}, "55 STEWART ST": {"latitude": 42.982093899999995, "longitude": -71.4910096}, "135 YORKVILLE AVE": {"latitude": 43.6703597, "longitude": -79.394237}, "716 PAPE AVENUE": {"latitude": 43.6795865, "longitude": -79.3453005}, "335 LONSDALE RD": {"latitude": 51.47456285, "longitude": -0.2504106411635383}, "72 GAMBLE AVE": {"latitude": 43.690112150000004, "longitude": -79.35207363848367}, "33 EMPRESS AVE": {"latitude": 51.561546199999995, "longitude": 0.03985260890358713}, "80 BLOOR ST W": {"latitude": 43.6692717, "longitude": -79.3921503}, "77 GOUGH AVE": {"latitude": 43.6795433, "longitude": -79.3462982}, "205 FREDERICK ST": {"latitude": 43.651804, "longitude": -79.369677}, "5 DUFRESNE CT": {"latitude": 43.7150395, "longitude": -79.33070199500867}, "223 MAVETY ST": {"latitude": 43.6650916, "longitude": -79.4656227}, "1A RICHVIEW RD": {"latitude": 43.68447065, "longitude": -79.51268232629653}, "25 TELEGRAM MEWS": {"latitude": 43.6409971, "longitude": -79.39439182058771}, "160 CHESTER LE BLVD": {"latitude": 43.7965318, "longitude": -79.3304633}, "58 ORCHARD VIEW BLVD": {"latitude": 43.70811905, "longitude": -79.40062157507035}, "160 EGLINTON AVE E": {"latitude": 43.7079871, "longitude": -79.393592}, "105 MUTUAL ST": {"latitude": 43.657073933333336, "longitude": -79.37562503333334}, "11 NELSON ST": {"latitude": 52.6366431, "longitude": 1.2758242353333835}, "4801 KEELE ST": {"latitude": 43.7764889, "longitude": -79.4937092}, "3400 EGLINTON AVE E": {"latitude": 43.7451135, "longitude": -79.21312906882005}, "69 DUNCAN ST": {"latitude": -27.4520838, "longitude": 153.1591196}, "40 RICHVIEW RD": {"latitude": 43.685088, "longitude": -79.51596746067415}, "371 BLOOR ST W": {"latitude": 43.66653425, "longitude": -79.40204571236559}, "35 THORNCLIFFE PARK DR": {"latitude": 43.7019229, "longitude": -79.3443906}, "33 WILLCOCKS ST": {"latitude": 43.6612784, "longitude": -79.4002896}, "132 ST PATRICK ST": {"latitude": 43.653836600000005, "longitude": -79.39039424355795}, "68 SHUTER ST": {"latitude": 43.6551918, "longitude": -79.3756809551673}, "25 SINGER CRT": {"latitude": 43.769613, "longitude": -79.369782}, "1231 ST CLAIR AVE W": {"latitude": 43.67732347142857, "longitude": -79.4452210857143}, "2200 JANE ST": {"latitude": 43.7217257, "longitude": -79.5090047}, "10 SAN ROMANOWAY": {"latitude": 43.7584514, "longitude": -79.51649705}, "3271 BLOOR ST W": {"latitude": 43.645723249999996, "longitude": -79.51808625}, "101 YORKVILLE AVE": {"latitude": 43.67082263157895, "longitude": -79.39226136842105}, "225 DAVENPORT RD": {"latitude": 43.674667, "longitude": -79.396396}, "357 QUEEN ST W": {"latitude": 43.258163200000006, "longitude": -81.15490405}, "157 BEATRICE ST": {"latitude": 42.972145812, "longitude": -79.24526230000001}, "70 FRASER AVE": {"latitude": 40.6817805, "longitude": -73.56747999999999}, "30 COLLEGE ST": {"latitude": 52.90270355, "longitude": -1.2818251080373184}, "300 CAMPBELL AVE": {"latitude": 35.1777955, "longitude": -82.16479372986578}, "30 HILLSBORO AVE": {"latitude": 43.675711899999996, "longitude": -79.39283133661705}, "85 PORTLAND ST": {"latitude": 52.62460015, "longitude": 1.273559545459081}, "160 BALDWIN ST": {"latitude": 42.0958246, "longitude": -72.62214464620185}, "1780 ALBION RD": {"latitude": 43.7440137, "longitude": -79.6053104}, "1132 LESLIE ST": {"latitude": 43.72357992152612, "longitude": -79.34899960205509}, "22 COLLEGE ST": {"latitude": 52.902474850000004, "longitude": -1.2817023655609692}, "101 MCGILL ST": {"latitude": 44.0956377, "longitude": -77.5813649}, "74 THE ESPLANADE": {"latitude": 50.612129249999995, "longitude": -2.454129130727732}, "2999 JANE ST": {"latitude": 43.754707, "longitude": -79.5168465}, "25 MAITLAND ST": {"latitude": 53.7637234, "longitude": -2.6781012}, "50 AIRVIEW RD": {"latitude": 43.7196433, "longitude": -79.5760026}, "68 CHARLES ST E": {"latitude": 45.3121053, "longitude": -65.9732826117713}, "15 VICORA LINKWAY": {"latitude": 43.711833, "longitude": -79.32453}, "12 NELSON ST": {"latitude": 52.6367005, "longitude": 1.275796835064063}, "75 HAVENBROOK BLVD": {"latitude": 43.768245, "longitude": -79.34807809480813}, "40 PANORAMA CRT": {"latitude": 43.7477235, "longitude": -79.57971798911291}, "30 HUMBERT ST": {"latitude": 43.6459433, "longitude": -79.4212295975669}, "2885 BAYVIEW AVE": {"latitude": 40.6403501, "longitude": -73.6059638862766}, "100 DEVONSHIRE PL": {"latitude": 43.66697685, "longitude": -79.39838507196065}, "23 VALPARAISO AVE": {"latitude": 43.7551167, "longitude": -79.2465438}, "803 RICHMOND ST. W": {"latitude": 44.87261973469388, "longitude": -93.0438951020408}, "500 REXDALE BLVD": {"latitude": 43.720471, "longitude": -79.60056995241172}, "90 EGLINTON AVE E": {"latitude": 43.7075863, "longitude": -79.3957828}}