{"1155 KING ST WEST": {"latitude": 44.22086325172071, "longitude": -76.54182197782829}, "3328 WESTON RD": {"latitude": 43.7432677, "longitude": -79.5410834}, "110 THE ESPLANADE": {"latitude": 50.6151918, "longitude": -2.4526555}, "11 WINCOTT DR": {"latitude": 43.69518909999999, "longitude": -79.55078029218964}, "137 BOND ST": {"latitude": 43.657809799999995, "longitude": -79.37868311024917}, "75 EASTDALE AVE": {"latitude": 43.695127, "longitude": -79.30027295}, "222 JARVIS ST": {"latitude": 34.234832, "longitude": -84.487594}, "57 PROVOST DR": {"latitude": 43.8188193, "longitude": -70.4249231}, "10 KINGSDALE AVE": {"latitude": 43.7705331, "longitude": -79.4114238}, "94 THE ESPLANADE": {"latitude": 50.614030299999996, "longitude": -2.453288950000002}, "14 BROADWAY AVE": {"latitude": 53.422312500000004, "longitude": -3.0585841335425408}, "35 HAZELTON AVE": {"latitude": 43.6718882, "longitude": -79.39324420605794}, "280 AUGUSTA AVE": {"latitude": 43.6570418, "longitude": -79.4032419}, "66 MCGILL ST": {"latitude": -41.7133963, "longitude": 171.7644538}, "30 HANNA AVE": {"latitude": 46.7049976, "longitude": -80.9189685}, "77 EAST DON ROADWAY": {"latitude": 43.6572756, "longitude": -79.3526119}, "628 DANFORTH AVE": {"latitude": 43.67894, "longitude": -79.34554685}, "46 WESTERN BATTERY RD": {"latitude": 43.6396872, "longitude": -79.41378594741846}, "629 QUEEN ST W": {"latitude": 43.25702287540984, "longitude": -81.16583388688524}, "730 ST CLARENS AVE": {"latitude": 43.6671041, "longitude": -79.4454848}, "15 STAFFORD ST": {"latitude": -42.363941, "longitude": 171.4106673}, "2 REGATTA RD": {"latitude": -36.7050929, "longitude": 174.7390117}, "545 LAKE SHORE BLVD W": {"latitude": 43.636441, "longitude": -79.39875607588968}, "835 ST CLAIR AVE W": {"latitude": 43.680309163636366, "longitude": -79.4316253090909}, "27 CANNIFF ST": {"latitude": 43.6412771, "longitude": -79.4121308}, "23 GEORGE ST": {"latitude": 53.7222556, "longitude": -1.8623024}, "10 TORONTO ST": {"latitude": 43.6499679, "longitude": -79.37640755682071}, "99 JOHN ST": {"latitude": 40.7083321, "longitude": -74.00605638997723}, "2085 ISLINGTON AVE": {"latitude": 43.703366, "longitude": -79.54894848049841}, "34 ASQUITH AVE": {"latitude": 43.671764499999995, "longitude": -79.38561186175252}, "2269 LAKE SHORE BLVD W": {"latitude": 43.619657950000004, "longitude": -79.48425930564588}, "17 BROADWAY AVE": {"latitude": 42.711770200000004, "longitude": -71.17525620764803}, "115 OMNI DR": {"latitude": 43.7717615, "longitude": -79.26133901054217}, "280 MORNINGSIDE AVE": {"latitude": 29.2570442, "longitude": -81.0281034}, "45 MILL ST": {"latitude": 51.798381199999994, "longitude": 1.0693653345312517}, "315 QUEEN ST W": {"latitude": 43.25834927058823, "longitude": -81.15332060588236}, "45 SHEPPARD ST": {"latitude": 41.2090027, "longitude": -73.1358443}, "480 ADELAIDE ST W": {"latitude": 43.645991, "longitude": -79.399747}, "235 BLOOR ST E": {"latitude": 43.671114599999996, "longitude": -79.38069145}, "22 EAST HAVEN DR": {"latitude": 43.70416697373026, "longitude": -79.25157009061925}, "34 ST PATRICK ST": {"latitude": 52.645795449999994, "longitude": -7.250101576180878}, "10 NAVY WHARF CRT": {"latitude": 43.6404321, "longitude": -79.3920708}, "50 WELLESLEY ST E": {"latitude": 43.6655754, "longitude": -79.38199660000001}, "155 ANTIBES DR": {"latitude": 43.781838199999996, "longitude": -79.44579932180501}, "141 QUEEN ST E": {"latitude": 43.653601, "longitude": -79.373354}, "55 FORTY SECOND ST": {"latitude": 43.58865915, "longitude": -79.54340495}, "5740 YONGE ST": {"latitude": 43.7828885, "longitude": -79.41739197457628}, "11 EVERSON DR": {"latitude": 41.90008566056399, "longitude": -71.66006092541839}, "100 HUMBER BAY PARK RD W": {"latitude": 43.6187842, "longitude": -79.48116293260743}, "365 BLOOR ST E": {"latitude": 43.6718684, "longitude": -79.3778172}, "55 SCOLLARD ST": {"latitude": 43.6721239, "longitude": -79.3895031}, "150 FAIRVIEW MALL DR": {"latitude": 43.7801472, "longitude": -79.3410629}, "401 SEWELLS RD": {"latitude": 43.8165035, "longitude": -79.2107162}, "2 EDWARD ST": {"latitude": 51.942162800000006, "longitude": 1.2503115988063744}, "240 RONCESVALLES AVE": {"latitude": 43.6456237, "longitude": -79.4489538}, "440 UNWIN AVE": {"latitude": 53.4565406, "longitude": -2.1738765}, "1 BELSIZE DR": {"latitude": 43.7002748, "longitude": -79.396471}, "625 KING ST W": {"latitude": 43.6440424, "longitude": -79.4012884}, "131 JEFFERSON AVE": {"latitude": 42.15665425, "longitude": -71.67247721330449}, "250 AUGUSTA AVE": {"latitude": 43.6556494, "longitude": -79.4026592}, "2 TOWER RD": {"latitude": 51.86743985, "longitude": 0.9614348315621559}, "311 DIXON RD": {"latitude": 43.69472585, "longitude": -79.55389575}, "17 HENNING AVE": {"latitude": 43.7062893, "longitude": -79.4013922}, "351 QUEEN ST W": {"latitude": 43.258192257142866, "longitude": -81.15465957142857}, "430 ADELAIDE ST W": {"latitude": 43.646445111111106, "longitude": -79.39750433333333}, "72 AMROTH AVENUE": {"latitude": 43.6854795, "longitude": -79.3115986}, "75 PRINCE ARTHUR AVE": {"latitude": 43.66868, "longitude": -79.40011}, "85 MERRICK ST": {"latitude": 43.6403758, "longitude": -79.45190061168641}, "1541 BAYVIEW AVE": {"latitude": 43.7050941, "longitude": -79.3747382}, "65 SCADDING AVE": {"latitude": 43.6486364, "longitude": -79.3657218}, "195 REDPATH AVE": {"latitude": 43.71036160128343, "longitude": -79.3936673967912}, "501 ADELAIDE ST W": {"latitude": 43.645221, "longitude": -79.4011429879256}, "252 GLADSTONE AVE": {"latitude": 43.6503221, "longitude": -79.43031604444444}, "380 FRONT ST E": {"latitude": 36.94354834311111, "longitude": -82.46598111428379}, "99 QUEEN ST E": {"latitude": 43.653271, "longitude": -79.3748631}, "1 ST THOMAS ST": {"latitude": 10.65088, "longitude": -61.390531}, "2522 KEELE STREET": {"latitude": 43.7148293, "longitude": -79.4796402}, "114 CUMBERLAND ST": {"latitude": 43.805406, "longitude": -70.7887398}, "138 BELLAMY RD N": {"latitude": 43.7426485, "longitude": -79.23024947395834}, "51 BERNARD AVE": {"latitude": 43.6733125, "longitude": -79.3991283}, "19 POLSON ST": {"latitude": -39.941401, "longitude": 174.9926324}, "30 WESTERN BATTERY RD": {"latitude": 43.6396442, "longitude": -79.4124721067077}, "26 DOURO ST": {"latitude": 43.6407468, "longitude": -79.412646}, "2350 BIRCHMOUNT RD": {"latitude": 43.781496000000004, "longitude": -79.29976237962963}, "95 THORNCLIFFE PARK DR": {"latitude": 43.7077665, "longitude": -79.34049479255319}, "130 CUMBERLAND ST": {"latitude": 43.6836882, "longitude": -70.3543999}, "1938 BLOOR ST W": {"latitude": 43.6534032, "longitude": -79.4668148}, "1299 DANFORTH RD": {"latitude": 43.7409235, "longitude": -79.24471657499998}, "357 RUSHOLME RD": {"latitude": 43.659815699999996, "longitude": -79.4303266573643}, "9 FAIRSIDE AVE": {"latitude": 43.691329915384614, "longitude": -79.32558370769232}, "18 FERRIER AVE": {"latitude": 43.679053836153486, "longitude": -79.3486851665315}, "10 ALFORD CRES": {"latitude": 50.729662950000005, "longitude": -3.4904510999999987}, "26 FORT YORK BLVD": {"latitude": 43.6403402, "longitude": -79.3947822}, "389 SPADINA AVE": {"latitude": 43.65640846153846, "longitude": -79.39912646153846}, "32 GLENDALE AVE": {"latitude": 53.73179025, "longitude": -2.682237800000001}, "238 MUTUAL ST": {"latitude": 31.461043224489796, "longitude": -85.63766838775511}, "40 DUNDAS ST W": {"latitude": 43.656153, "longitude": -79.3826406}, "65 FRONT ST W": {"latitude": 43.6440963, "longitude": -79.3810054}, "4201 KINGSTON RD": {"latitude": 43.760119, "longitude": -79.19596239408867}, "3847 LAWRENCE AVE E": {"latitude": 43.7623655, "longitude": -79.21058105741758}}