{"174 JOHN GARLAND BLVD": {"latitude": 43.73333115, "longitude": -79.58762273275356}, "15 POYNTZ AVE": {"latitude": 43.7596359, "longitude": -79.4112584}, "220 MANITOBA ST": {"latitude": 48.8074261, "longitude": -87.2635761}, "1900 LAKE SHORE BLVD W": {"latitude": 43.6364401, "longitude": -79.4655704}, "2315 SHEPPARD AVENUE WEST": {"latitude": 43.75038, "longitude": -79.4623523}, "222 ST PATRICK ST": {"latitude": 45.43037095, "longitude": -75.69349781864418}, "579 RICHMOND ST W": {"latitude": 43.6464097, "longitude": -79.4027988921259}, "260 SACKVILLE ST": {"latitude": 43.6614686, "longitude": -79.3637003}, "6171 BATHURST ST": {"latitude": 43.7898775, "longitude": -79.4450542010427}, "65 DUNCAN ST": {"latitude": 37.74630795, "longitude": -122.42157355728125}, "6 DENISON SQ": {"latitude": 43.6538627, "longitude": -79.4018233}, "40 HANNA AVE": {"latitude": 43.6394526, "longitude": -79.4200318}, "25 GROSVENOR ST": {"latitude": -27.5219582, "longitude": 153.0173565}, "90 BROADVIEW AVE": {"latitude": 38.72009765, "longitude": -77.80767296902451}, "1470 MIDLAND AVE": {"latitude": 40.9297601, "longitude": -73.8404414}, "2001 LAKE SHORE BOULEVARD WEST": {"latitude": 43.644176, "longitude": -79.3759959}, "31 BRUNEL CRT": {"latitude": 43.640151, "longitude": -79.39427}, "675 BLOOR ST W": {"latitude": 43.66380225, "longitude": -79.41625835108957}, "105 VICTORIA ST": {"latitude": 51.7509512, "longitude": -0.3316635}, "14 ARUNDEL AVENUE": {"latitude": -40.9011862, "longitude": 175.0075838}, "50 CORDOVA AVE": {"latitude": 43.647102000000004, "longitude": -79.52642088095237}, "145 NEPTUNE DR": {"latitude": 43.73028937480267, "longitude": -79.44031020177461}, "17 GLEN MORRIS ST": {"latitude": 43.6641667, "longitude": -79.4009573}, "145 CUMBERLAND ST": {"latitude": 27.2124004, "longitude": -81.3104079}, "360 RIDELLE AVE": {"latitude": 43.704836, "longitude": -79.439888605905}, "339 COLLEGE ST": {"latitude": 52.9122336, "longitude": -1.2904041230596999}, "11 KENWOOD AVE": {"latitude": 42.3372634, "longitude": -71.20225509905549}, "15 DENISON AVENUE": {"latitude": 41.3490484, "longitude": -72.0777212}, "170 YORK ST": {"latitude": 43.6493215, "longitude": -70.2594066}, "218 DUNDAS ST E": {"latitude": 43.88068625, "longitude": -78.93951045813277}, "150 EGLINTON EAST": {"latitude": 43.7078715, "longitude": -79.394007}, "2600 JANE ST": {"latitude": 40.425628, "longitude": -79.969074}, "800 LAWRENCE AVE W": {"latitude": 43.714685349999996, "longitude": -79.45312122366701}, "26 GERRARD ST E": {"latitude": 43.659567249999995, "longitude": -79.38100548187232}, "6040 BATHURST ST": {"latitude": 43.78870405, "longitude": -79.44736982693496}, "135 OSSINGTON AVE": {"latitude": 43.6472085, "longitude": -79.4197751}, "385 QUEEN ST W": {"latitude": 43.25792088695652, "longitude": -81.15723701739131}, "1670 BAYVIEW AVE": {"latitude": 43.7076453, "longitude": -79.3761212}, "10 GATEWAY BLVD": {"latitude": 40.78131075, "longitude": -73.04138577420437}, "45 FORTY SECOND ST": {"latitude": 43.5882491, "longitude": -79.54274895}, "25 TRANSIT RD": {"latitude": 1.4050278999999999, "longitude": 103.81767442157533}, "1 HERONS HILL WAY": {"latitude": 43.7742841, "longitude": -79.33646109811608}, "66 BOND ST": {"latitude": -38.155766400000005, "longitude": 144.34611972692068}, "50 CAMBRIDGE AVE": {"latitude": 51.53500905, "longitude": -0.19321851048507516}, "184 PEARL ST": {"latitude": 44.4160445, "longitude": -72.01727683172223}, "70 TOWN CENTRE CRT": {"latitude": 43.773749, "longitude": -79.2558232}, "23 SHEPPARD AVE E": {"latitude": 43.760868099999996, "longitude": -79.4090171770147}, "50 RICHMOND ST E": {"latitude": 43.900050300000004, "longitude": -78.86223580999885}, "1070 SHEPPARD AVE W": {"latitude": 43.75060995, "longitude": -79.46511362883757}, "761 QUEEN ST W": {"latitude": 43.646339, "longitude": -79.407715}, "2425 JANE ST": {"latitude": 42.8135952, "longitude": -82.2807189}, "401 COLLEGE ST": {"latitude": 44.1116304, "longitude": -70.2007566}, "495 WELLINGTON ST W": {"latitude": 43.53016834108816, "longitude": -80.25943429528279}, "18 GRAYDON HALL DR": {"latitude": 43.7640547, "longitude": -79.3420545}, "1 LOMBARD ST": {"latitude": 51.5131003, "longitude": -0.0889797}, "11 POLSON ST": {"latitude": -39.9418597, "longitude": 174.993369}, "180 DUNDAS ST W": {"latitude": 43.6554024, "longitude": -79.38643426129555}, "200 CHURCH ST": {"latitude": 41.55445215, "longitude": -72.65529208341346}, "775 STEELES AVE W": {"latitude": 43.7917733, "longitude": -79.4434788}, "110 ERSKINE AVE": {"latitude": 43.712213500000004, "longitude": -79.39519154691313}, "225 SACKVILLE ST": {"latitude": 43.659551, "longitude": -79.362606}, "390 DAWES RD": {"latitude": 43.700158, "longitude": -79.29816032745097}, "1270 FINCH AVE W": {"latitude": 43.7642456, "longitude": -79.4881389}, "229 MANOR RD E": {"latitude": 43.7043599, "longitude": -79.3878854}, "247 SPADINA AVE": {"latitude": 43.6516963, "longitude": -79.3971973}, "95 PRINCE ARTHUR AVE": {"latitude": 43.6682792, "longitude": -79.40129932018871}, "45 DUNFIELD AVE": {"latitude": 43.7062732, "longitude": -79.39434455437123}, "79 WELLINGTON ST W": {"latitude": 43.35229228125, "longitude": -81.48461805625}, "141 ISABELLA ST": {"latitude": 43.66927015, "longitude": -79.3765618580978}, "10 EMPRINGHAM DR": {"latitude": 43.8097272, "longitude": -79.2092693}, "103 PARKWAY FOREST DR": {"latitude": 43.773331, "longitude": -79.341111}, "544 BIRCHMOUNT RD": {"latitude": 43.7110805, "longitude": -79.2699869}, "5 DUFRESNE CRT": {"latitude": 43.7150395, "longitude": -79.33070199500867}, "5 FAIRSIDE AVE": {"latitude": 43.6911702076923, "longitude": -79.32551395384617}, "128 SHERIDAN AVE": {"latitude": 42.42150725, "longitude": -71.09383664133}, "30 HERONS HILL WAY": {"latitude": 43.7749455, "longitude": -79.33546955915554}, "14 ELGIN AVE": {"latitude": -35.135542650000005, "longitude": 138.47977231275908}, "55 BLOOR ST W": {"latitude": 43.6697925, "longitude": -79.3881981}, "40 SOUTH STATION ST": {"latitude": 43.7012723, "longitude": -79.5170096}, "341 OAKWOOD AVE": {"latitude": 41.7461975, "longitude": -72.72154}, "136 EDWARD ST": {"latitude": -41.4107753, "longitude": 173.0485049}, "500 TRETHEWEY DR": {"latitude": 43.6938343, "longitude": -79.4811494}, "485 SHUTER ST": {"latitude": 43.6585518, "longitude": -79.3587872}, "2760 OLD LESLIE ST": {"latitude": 43.7696734318871, "longitude": -79.36666945774256}, "105 GEORGE ST": {"latitude": 55.9526876, "longitude": -3.2031086}, "70 ANNIE CRAIG DR": {"latitude": 43.6254684, "longitude": -79.4784276}, "444 ADELAIDE ST W": {"latitude": 43.646344, "longitude": -79.398027}, "85 PEARS AVE": {"latitude": 43.67572910857143, "longitude": -79.39553135142856}, "25 FOUR WINDS DR": {"latitude": 42.0563951, "longitude": -70.80717444999999}, "2150 LAWRENCE AVE E": {"latitude": 43.74747941134301, "longitude": -79.28555905940034}, "51 DOCKSIDE DR": {"latitude": 43.6441384, "longitude": -79.36574064908834}, "26 OLIVE AVE": {"latitude": 52.9027291, "longitude": -1.2720223994661528}, "90 MARINE PARADE DR": {"latitude": 43.625649550000006, "longitude": -79.47766244937888}, "80 VANAULEY ST": {"latitude": 43.6494108, "longitude": -79.3988365}, "90 EASTDALE AVE": {"latitude": 43.6945985, "longitude": -79.30123198338362}, "220 SIMCOE ST": {"latitude": 44.4256237, "longitude": -80.0866824}, "154 OSSINGTON AVE": {"latitude": 43.6476635, "longitude": -79.4202964}, "114 MAITLAND ST": {"latitude": -45.8831545, "longitude": 170.4931595}, "129 YORKVILLE AVE": {"latitude": 43.67047905, "longitude": -79.39356631369547}, "110 EDWARD ST": {"latitude": 42.072306999999995, "longitude": -72.60956890999577}}