{"60 TANNERY RD": {"latitude": 46.4256325, "longitude": -67.8383207}, "52 ST LAWRENCE ST": {"latitude": 44.9932989, "longitude": -74.996342}, "106 VICTORIA ST": {"latitude": 51.43374545, "longitude": 0.76133100086207}, "20 PRESCOTT AVE": {"latitude": 41.0133871, "longitude": -73.76866895651617}, "11 HILLSDALE AVE E": {"latitude": 43.70339403883495, "longitude": -79.39718746601942}, "41 MARKBROOK LANE": {"latitude": 43.7595177, "longitude": -79.5864736}, "6 ROSEBANK DR": {"latitude": 43.791628, "longitude": -79.237666}, "131 BLOOR ST W": {"latitude": 43.6688148, "longitude": -79.3919846}, "5155 SHEPPARD AVE E": {"latitude": 43.7701466, "longitude": -79.3719628}, "7 ROCHEFORT DR": {"latitude": 43.717743, "longitude": -79.33722515602838}, "59 FOREST MANOR RD": {"latitude": 43.772381532724616, "longitude": -79.34442228003297}, "8 LYNDALE DR": {"latitude": 53.0439605, "longitude": -1.3799293500353609}, "175 TORYORK DR": {"latitude": 43.75938639712018, "longitude": -79.55727202352419}, "110 HUBBARD BLVD": {"latitude": 43.6694586, "longitude": -79.2889822}, "21 GRANBY ST": {"latitude": -27.5457358, "longitude": 153.0803688}, "275 UNWIN AVE": {"latitude": 53.4565406, "longitude": -2.1738765}, "33 QUEEN ST E": {"latitude": 44.5845704, "longitude": -79.8636608}, "3275 SHEPPARD AVE E": {"latitude": 43.7778843, "longitude": -79.3109695}, "20 YELLOWSTONE ST": {"latitude": 43.7581607, "longitude": -79.5093252}, "366 ADELAIDE ST W": {"latitude": 43.6472995, "longitude": -79.3943762}, "11 GRENVIEW BOULEVARD": {"latitude": 43.6397311, "longitude": -79.504434}, "1779 JANE ST": {"latitude": 43.64962816069222, "longitude": -79.48441023090234}, "170 SUDBURY ST": {"latitude": 43.641893, "longitude": -79.424815}, "50 MERTON ST": {"latitude": 43.6967872, "longitude": -79.39456980306798}, "50 OXFORD ST": {"latitude": 51.51639765, "longitude": -0.13271551242967544}, "1223 ST CLAIR AVE W": {"latitude": 43.6773857, "longitude": -79.4449471}, "662 QUEEN ST W": {"latitude": 43.25662942786885, "longitude": -81.1670128590164}, "60 LOWTHER AVE": {"latitude": 43.670367, "longitude": -79.39852}, "128 AVENUE RD": {"latitude": 50.9210336, "longitude": -1.3975038437602407}, "106 CUMBERLAND ST": {"latitude": 43.6703643, "longitude": -79.3913479}, "35 LAWREN HARRIS SQ": {"latitude": 43.6550217, "longitude": -79.3536899}, "1549 DANFORTH AVE": {"latitude": 43.6830216, "longitude": -79.3245309}, "99 DAVISVILLE AVE": {"latitude": 43.69882245, "longitude": -79.39295705}, "3885 YONGE ST": {"latitude": 43.740721, "longitude": -79.4056897480916}, "42 HELENDALE AVE": {"latitude": 43.708978571428574, "longitude": -79.39984157142857}, "34 BROOKWELL DR": {"latitude": 43.7446925, "longitude": -79.49456104818097}, "1856 KEELE ST": {"latitude": 43.6906594, "longitude": -79.4740845}, "60 YORK ST": {"latitude": 52.6233828, "longitude": 1.2801488762386208}, "506 SAMMON AVE": {"latitude": 43.6888487, "longitude": -79.3261309}, "14 SOHO ST": {"latitude": 43.650141, "longitude": -79.39386}, "1544 DANFORTH AVE": {"latitude": 43.683323859999994, "longitude": -79.3244153}, "15 FAIRSIDE AVE": {"latitude": 43.69156947692308, "longitude": -79.32568833846155}, "200 BALLIOL ST": {"latitude": 43.69920575, "longitude": -79.39012763073114}, "39 RICHVIEW RD": {"latitude": 43.684206, "longitude": -79.51518094976075}, "215 GOSFORD BLVD": {"latitude": 43.768408, "longitude": -79.522885}, "1289 DUNDAS ST W": {"latitude": 43.4605962, "longitude": -79.7502866}, "12 BRUCE PARK AVE": {"latitude": 43.7105604, "longitude": -79.3803804}, "21 MARKBROOK LN": {"latitude": 43.7586362, "longitude": -79.5883733}, "148 YORKVILLE AVE": {"latitude": 43.670056, "longitude": -79.3937335}, "45 DAVENPORT RD": {"latitude": 43.6727845, "longitude": -79.3893971}, "661 GERRARD STREET EAST": {"latitude": 43.6659061523444, "longitude": -79.34990633015752}, "70 FORT YORK BLVD": {"latitude": 43.640014, "longitude": -79.3965449}, "150 DUNN AVE": {"latitude": 43.6356584, "longitude": -79.4326664}, "95 BEECROFT RD": {"latitude": 43.7637904, "longitude": -79.41365252523593}, "80 MORNELLE CRT": {"latitude": 43.7878386, "longitude": -79.1976004035028}, "98 MARINE PARADE DR": {"latitude": 43.6253898, "longitude": -79.4774902}, "156 RONCESVALLES AVE": {"latitude": 43.644069875, "longitude": -79.44836245}, "25 SILVER SPRINGS BLVD": {"latitude": 43.800113499999995, "longitude": -79.30577578510274}, "1181 ST CLAIR AVE W": {"latitude": 43.67769973076923, "longitude": -79.44357886923078}, "75 ALFORD CRES": {"latitude": 43.8087436, "longitude": -79.212054}, "777 BAY ST": {"latitude": 43.6597907, "longitude": -79.3849782}, "68 TANDRIDGE CRES": {"latitude": 43.7295705, "longitude": -79.546258}, "1669 BAYVIEW AVE": {"latitude": 43.70747806153846, "longitude": -79.37567308461539}, "627 THE WEST MALL": {"latitude": 43.6554758, "longitude": -79.5699504}, "1010 QUEEN ST W": {"latitude": 43.644233, "longitude": -79.4192909}, "110 AVENUE RD": {"latitude": 52.626165900000004, "longitude": 1.2723171282924057}, "1995 WESTON RD": {"latitude": 43.701334349999996, "longitude": -79.51938518984679}, "20 JOHN ST": {"latitude": -33.8660972, "longitude": 151.1008498}, "77 GERRARD ST W": {"latitude": 43.6581534, "longitude": -79.3854621}, "790 BAY ST": {"latitude": 41.93175395, "longitude": -71.10320181196028}, "347 SPADINA AVE": {"latitude": 43.65534821428571, "longitude": -79.39870528571429}, "20 HARRISON GARDEN BLVD": {"latitude": 43.75733325, "longitude": -79.40870674435415}, "2 CAWTHRA SQ": {"latitude": 43.667168, "longitude": -79.378898}, "43 GERRARD ST E": {"latitude": 43.6593238, "longitude": -79.37971458868209}, "135 FENELON DR": {"latitude": 43.7628895, "longitude": -79.33795900000001}, "60 SOUTHPORT ST": {"latitude": 43.638759699999994, "longitude": -79.47378409473089}, "96 FORT YORK BLVD": {"latitude": 43.63979911730295, "longitude": -79.39730646491454}, "80 MORNELLE CT": {"latitude": 43.7878386, "longitude": -79.1976004035028}, "40 TEESDALE PL": {"latitude": 43.697224, "longitude": -79.2866473161616}, "89 CHARLES ST W": {"latitude": 43.667461849999995, "longitude": -79.3917055180478}, "20 GLADSTONE AVE": {"latitude": 51.4539815, "longitude": -0.41019862442486865}, "110 LOMBARD ST": {"latitude": 42.8889925, "longitude": -78.8373133}, "25 FOREST MANOR RD": {"latitude": 43.77122805, "longitude": -79.3431163512104}, "2020 SHEPPARD AVE W": {"latitude": 43.7379735, "longitude": -79.519977}, "66 RONCESVALLES AVE": {"latitude": 43.6404564, "longitude": -79.44778664420043}, "2501 VICTORIA PARK AVE": {"latitude": 43.7718772, "longitude": -79.3211631}, "252 SACKVILLE ST": {"latitude": 43.6606162, "longitude": -79.3633554}, "55 HUNTLEY ST": {"latitude": 43.67060722222222, "longitude": -79.37859633333333}, "328 WELLINGTON ST W": {"latitude": 43.64474, "longitude": -79.3923882}, "60 RICHMOND ST E": {"latitude": 43.6524188, "longitude": -79.3763644}, "340 COLLEGE ST": {"latitude": 52.911578199999994, "longitude": -1.2877314999999974}, "100 BROADVIEW AVE": {"latitude": 40.904091, "longitude": -73.25523418410151}, "446 SPADINA AVE": {"latitude": 43.657037, "longitude": -79.39997000000001}, "473 ADELAIDE ST W": {"latitude": 43.6456129, "longitude": -79.3999766}, "8 ROANOKE RD": {"latitude": 41.4706546, "longitude": -73.550313}, "166 WOODBINE AVE": {"latitude": 41.5481655, "longitude": -72.9963241}, "570 WELLINGTON ST W": {"latitude": 43.64283465, "longitude": -79.40307566885534}, "4 ELSINORE PATH": {"latitude": 43.601591, "longitude": -79.510395}, "51 WINCHESTER ST": {"latitude": 52.41100595, "longitude": -1.4978093777057337}, "137 ISABELLA ST": {"latitude": 43.669138450000005, "longitude": -79.37674279959501}}